sequence_x	protein_accessions	charge	scan_number	peptidoform	exp_mass_to_charge	calc_mass_to_charge	seq	tr	modifications	reference_file_name	'OpenMS:Target-decoy PSM q-value'	Posterior error probability	sample_id	preds_tr	error	abserror	error_percentile	PeptideAtlas_observations	GPMDB_observations	Uniprot_Extended_PE	delta_mass	usi	number_misscleavages	pearsonr_B	pearsonr_Y	dot_product	count_B	count_Y	corrected_pearsonr_B	corrected_pearsonr_Y	corrected_dot_product	total_ions	number_peaks	signal_to_noise	diff_highest_lowest	from_seq	tissue
DPADATEAHESSSR	GCA_128210	3	6994	DPADATEAHESSSR	491.548339	491.5464561	DPADATEAHESSSR	1082.7		01698_A03_P018021_S00_N17_R1	2.66e-06	1.03e-06	PXD010154-V500	1224.981928	-142.2819283	142.2819283	67.75	26	0		0.0018829	mzspec:PXD010154:01698_A03_P018021_S00_N17_R1:scan:6994:DPADATEAHESSSR/3	1	0.9378801178239052	0.9141326512168152	0.8573468386299056	13	13	0.7216845016765128	1.641292769461227	2.36297727113774	26	99	7.086975010271118	384.5020241646202	LLRDPADATEAHESSSRGEAGAPGEEDIQGPTKADTEK	pituitary hypophysis
DPADATEAHESSSRGEAGAPGEEDIQGPTK	GCA_128210	4	18242	DPADATEAHESSSRGEAGAPGEEDIQGPTK	753.3431396	753.0880675	DPADATEAHESSSRGEAGAPGEEDIQGPTK	2213.4468		01698_F03_P018021_S00_N22_R1	2.66e-06	1.39e-11	PXD010154-V500	2218.656827	-5.210027017	5.210027017	2.95	10	0		0.2550721	mzspec:PXD010154:01698_F03_P018021_S00_N22_R1:scan:18242:DPADATEAHESSSRGEAGAPGEEDIQGPTK/4	2	0.9813707192763615	0.8622227043497254	0.8461601155440996	29	29	0.9913696592070356	2.032351241813543	3.023720901020579	58	399	6.647519793694547	836.2159040277097	LLRDPADATEAHESSSRGEAGAPGEEDIQGPTKADTEK	pituitary hypophysis
DPADATEAHESSSRGEAGAPGEEDIQGPTK	GCA_128210	4	17865	DPADATEAHESSSRGEAGAPGEEDIQ[Deamidated]GPTK	753.5939331	753.3340715	DPADATEAHESSSRGEAGAPGEEDIQGPTK	2178.039	26|Deamidated	01698_F03_P018021_S00_N22_R1	7.37e-05	0.000985801	PXD010154-V500	2230.971413	-52.93241298	52.93241298	30.5	10	0		0.2598616	mzspec:PXD010154:01698_F03_P018021_S00_N22_R1:scan:17865:DPADATEAHESSSRGEAGAPGEEDIQ[Deamidated]GPTK/4	2	0.9266560675058192	0.7710090946674525	0.7144602556757634	29	29	0.9360975335832028	1.8173509965487515	2.753448530131954	58	211	4.763508873370285	305.94804668443584	LLRDPADATEAHESSSRGEAGAPGEEDIQGPTKADTEK	pituitary hypophysis
DPADATEAHESSSRGEAGAPGEEDIQGPTKADTEK	GCA_128210	4	17258	DPADATEAHESSSRGEAGAPGEEDIQGPTKADTEK	889.4065552	889.1503913	DPADATEAHESSSRGEAGAPGEEDIQGPTKADTEK	2123.4854		01698_F03_P018021_S00_N22_R1	3.43e-06	2.07e-05	PXD010154-V500	2174.738382	-51.2529819	51.2529819	29.7	15	0		0.2561639	mzspec:PXD010154:01698_F03_P018021_S00_N22_R1:scan:17258:DPADATEAHESSSRGEAGAPGEEDIQGPTKADTEK/4	3	0.9278851397588116	0.7079106936974272	0.6568598129581945	34	34	0.981617258467027	1.747443827645775	2.729061086112802	68	178	7.925204777781065	739.0006749722561	LLRDPADATEAHESSSRGEAGAPGEEDIQGPTKADTEK	pituitary hypophysis
DPADATEAHESSSRGEAGAPGEEDIQGPTKADTEK	GCA_128210	4	18041	DPADATEAHESSSRGEAGAPGEEDIQ[Deamidated]GPTKADTEK	889.6568604	889.3963953	DPADATEAHESSSRGEAGAPGEEDIQGPTKADTEK	2194.64	26|Deamidated	01698_F03_P018021_S00_N22_R1	2.58e-05	0.000366807	PXD010154-V500	2195.63272	-0.992719754	0.992719754	0.58	15	0		0.2604651	mzspec:PXD010154:01698_F03_P018021_S00_N22_R1:scan:18041:DPADATEAHESSSRGEAGAPGEEDIQ[Deamidated]GPTKADTEK/4	3	0.8693555944351344	0.7278813587639501	0.6327877313264872	34	34	0.9196983750210826	1.796740463104417	2.7164388381255	68	106	5.868479098234594	458.96218598484455	LLRDPADATEAHESSSRGEAGAPGEEDIQGPTKADTEK	pituitary hypophysis
LLRDPADATEAHESSSR	GCA_128210	3	15409	LLRDPADATEAHESSSR	618.9730835	618.9695361	LLRDPADATEAHESSSR	1848.1147		01698_C02_P018021_S00_N11_R1	2.66e-06	1.27e-07	PXD010154-V500	1816.947862	31.16683838	31.16683838	17.94	59	0		0.0035474	mzspec:PXD010154:01698_C02_P018021_S00_N11_R1:scan:15409:LLRDPADATEAHESSSR/3	2	0.9032615886391204	0.9136745344858136	0.8252871115187649	16	16	0.7513118681679642	1.773270597079134	2.5245824652470983	32	156	8.48225276180517	515.772276100219	LLRDPADATEAHESSSRGEAGAPGEEDIQGPTKADTEK	pituitary hypophysis
LLRDPADATEAHESSSRGEAGAPGEEDIQGPTK	GCA_128210	4	22432	LLRDPADATEAHESSSRGEAGAPGEEDIQGPTK	848.9105828	848.6553775	LLRDPADATEAHESSSRGEAGAPGEEDIQGPTK	2562.0		01698_C03_P018021_S00_N19_R1	0.000300036	0.00415225	PXD010154-V500	2512.277878	49.72212202	49.72212202	28.9	0	0		0.2552053	mzspec:PXD010154:01698_C03_P018021_S00_N19_R1:scan:22432:LLRDPADATEAHESSSRGEAGAPGEEDIQGPTK/4	3	0.6355220545665735	0.7351872105028728	0.4672276865098537	32	32	0.6607654804597263	1.7835752975032906	2.444340777963017	64	153	6.636951523362991	628.9673563309389	LLRDPADATEAHESSSRGEAGAPGEEDIQGPTKADTEK	pituitary hypophysis
LLRDPADATEAHESSSRGEAGAPGEEDIQGPTK	GCA_128210	4	22050	LLRDPADATEAHESSSRGEAGAPGEEDIQ[Deamidated]GPTK	849.159484	848.9013815	LLRDPADATEAHESSSRGEAGAPGEEDIQGPTK	2526.6	29|Deamidated	01698_C03_P018021_S00_N19_R1	0.000250261	0.00344806	PXD010154-V500	2533.177032	-6.577032263	6.577032263	3.84	0	0		0.2581025	mzspec:PXD010154:01698_C03_P018021_S00_N19_R1:scan:22050:LLRDPADATEAHESSSRGEAGAPGEEDIQ[Deamidated]GPTK/4	3	0.6186638983910392	0.6125619996254936	0.3789699946945182	32	32	0.6432377053259599	1.4860846803550058	2.129322385680965	64	165	7.626960654525327	891.9340741359053	LLRDPADATEAHESSSRGEAGAPGEEDIQGPTKADTEK	pituitary hypophysis
ADEPQWSLYPSNSQVSEEVK	GCA_160390	3	39590	ADEPQWSLYPSNSQVSEEVK	765.0176994	765.0254881	ADEPQWSLYPSNSQVSEEVK	4237.9		01698_B04_P018021_S00_N26_R1	0.000249706	0.00344081	PXD010154-V500	4174.07911	63.82088972	63.82088972	36.73	2	0		0.0077887	mzspec:PXD010154:01698_B04_P018021_S00_N26_R1:scan:39590:ADEPQWSLYPSNSQVSEEVK/3	1	0.8697493138469252	0.5287059688637147	0.4598416536459896	19	19	0.7682771345382456	1.0897197242681955	1.8579968588064413	38	175	6.519863570985195	414.6489405935893	ERADEPQWSLYPSNSQVSEEVKTR	pituitary hypophysis
ADEPQWSLYPSNSQVSEEVK	GCA_160390	2	28723	ADEPQWSLYPSNSQ[Deamidated]VSEEVK	1148.032349	1147.526602	ADEPQWSLYPSNSQVSEEVK	3865.4292	14|Deamidated	01524_E04_P015424_S00_N29_R1	5.68e-06	5.25e-05	PXD010154-V122	3695.62638	169.80282	169.80282	81.7	2	0		0.505747	mzspec:PXD010154:01524_E04_P015424_S00_N29_R1:scan:28723:ADEPQWSLYPSNSQ[Deamidated]VSEEVK/2	1	0.569415535174228	0.9141126146398648	0.5205099236746714	19	19	0.5029827891329749	1.884084169725358	2.387066958858333	38	69	5.886507875345146	252.5074611695828	ERADEPQWSLYPSNSQVSEEVKTR	adrenal gland
ADEPQWSLYPSNSQVSEEVKTR	GCA_160390	3	40501	ADEPQWSLYPSN[Deamidated]SQVSEEVKTR	851.405944	851.0697569	ADEPQWSLYPSNSQVSEEVKTR	4226.6	12|Deamidated	01698_E03_P018021_S00_N21_R1	2.66e-06	4.16e-08	PXD010154-V500	3943.338712	283.2612876	283.2612876	90.21	0	0		0.3361871	mzspec:PXD010154:01698_E03_P018021_S00_N21_R1:scan:40501:ADEPQWSLYPSN[Deamidated]SQVSEEVKTR/3	2	0.8783493733359197	0.764368770716287	0.6713828307561979	21	21	0.8022463125844546	1.6289965111985645	2.431242823783019	42	211	7.1966074590738005	442.6420081757233	ERADEPQWSLYPSNSQVSEEVKTR	pituitary hypophysis
ADEPQWSLYPSNSQVSEEVKTR	GCA_160390	2	38146	ADEPQWSLYPSN[Deamidated]SQ[Deamidated]VSEEVKTR	1277.121032	1276.593005	ADEPQWSLYPSNSQVSEEVKTR	3942.4	12|Deamidated|14|Deamidated	01697_F03_P018020_S00_N22_R2	2.66e-06	8.18e-07	PXD010154-V501	3846.210157	96.18984257	96.18984257	44.37	0	0		0.528027	mzspec:PXD010154:01697_F03_P018020_S00_N22_R2:scan:38146:ADEPQWSLYPSN[Deamidated]SQ[Deamidated]VSEEVKTR/2	2	0.8386546897042341	0.353691784935025	0.29662527414562	21	21	0.7659909060919546	0.7537758026911917	1.5197667087831463	42	136	6.971859732360967	612.7109329789891	ERADEPQWSLYPSNSQVSEEVKTR	pituitary hypophysis
ADEPQWSLYPSNSQVSEEVKTR	GCA_160390	3	28991	ADEPQ[Deamidated]WSLYPSN[Deamidated]SQVSEEVKTR	851.7404777	851.3977622	ADEPQWSLYPSNSQVSEEVKTR	3450.0	5|Deamidated|12|Deamidated	01524_C03_P015424_S00_N19_R1	2.66e-06	2.1e-08	PXD010154-V122	3448.343206	1.656793873	1.656793873	1.02	0	0		0.3427155	mzspec:PXD010154:01524_C03_P015424_S00_N19_R1:scan:28991:ADEPQ[Deamidated]WSLYPSN[Deamidated]SQVSEEVKTR/3	2	0.8904787402067416	0.7795483844668084	0.6941712633302042	21	21	0.8133247514625335	1.6613467834601705	2.474671534922704	42	534	9.976465985727952	1002.4589248179944	ERADEPQWSLYPSNSQVSEEVKTR	adrenal gland
ADEPQWSLYPSNSQVSEEVKTR	GCA_160390	3	36445	ADEPQ[Deamidated]WSLYPSN[Deamidated]SQ[Deamidated]VSEEVKTR	852.0732487	851.7257676	ADEPQWSLYPSNSQVSEEVKTR	3862.9	5|Deamidated|12|Deamidated|14|Deamidated	01698_E03_P018021_S00_N21_R1	2.69e-06	2.19e-06	PXD010154-V500	3985.180934	-122.2809336	122.2809336	61.4	0	0		0.3474811	mzspec:PXD010154:01698_E03_P018021_S00_N21_R1:scan:36445:ADEPQ[Deamidated]WSLYPSN[Deamidated]SQ[Deamidated]VSEEVKTR/3	2	0.7634677284800946	0.7086196099194596	0.5410082039416605	21	21	0.6973183889506146	1.5101858115474298	2.2075042004980445	42	300	7.72082781999148	562.3570797043549	ERADEPQWSLYPSNSQVSEEVKTR	pituitary hypophysis
ADEPQWSLYPSNSQVSEEVKTR	GCA_160390	3	37953	ADEPQ[Deamidated]WSLYPSNSQ[Deamidated]VSEEVKTR	851.7459717	851.3977622	ADEPQWSLYPSNSQVSEEVKTR	3957.4585	5|Deamidated|14|Deamidated	01697_G03_P018020_S00_N23_R2	3.07e-06	1.56e-05	PXD010154-V501	3803.245385	154.2131154	154.2131154	63.57	0	0		0.3482095	mzspec:PXD010154:01697_G03_P018020_S00_N23_R2:scan:37953:ADEPQ[Deamidated]WSLYPSNSQ[Deamidated]VSEEVKTR/3	2	0.7261030501745922	0.8102662521446343	0.5883367971357542	21	21	0.6631911085067886	1.7268116496290826	2.390002758135872	42	434	9.76921916927807	596.6366401281416	ERADEPQWSLYPSNSQVSEEVKTR	pituitary hypophysis
ERADEPQWSLYPSNSQVSEEVK	GCA_160390	2	29838	ERADEPQWSLYPSN[Deamidated]SQVSEEVK	1290.605895	1290.098455	ERADEPQWSLYPSNSQVSEEVK	3497.3	14|Deamidated	01524_F03_P015424_S00_N22_R1	2.66e-06	2.63e-15	PXD010154-V122	3317.569827	179.7301733	179.7301733	83.61	0	0		0.50744	mzspec:PXD010154:01524_F03_P015424_S00_N22_R1:scan:29838:ERADEPQWSLYPSN[Deamidated]SQVSEEVK/2	2	0.9110383751085946	0.5982021923826186	0.5449851533346598	21	21	0.8321030323935614	1.2748679979029582	2.10697103029652	42	180	8.848764175829398	969.0110809643822	ERADEPQWSLYPSNSQVSEEVKTR	adrenal gland
ERADEPQWSLYPSNSQVSEEVK	GCA_160390	3	25630	ERADEPQWSLYPSNSQ[Deamidated]VSEEVK	860.4035645	860.4013952	ERADEPQWSLYPSNSQVSEEVK	3424.251	16|Deamidated	01277_A04_P013129_S00_N25_R1	2.66e-06	9.9e-14	PXD010154-V102	3131.590318	292.6606819	292.6606819	93.11	0	0		0.0021693	mzspec:PXD010154:01277_A04_P013129_S00_N25_R1:scan:25630:ERADEPQWSLYPSNSQ[Deamidated]VSEEVK/3	2	0.9362566145175548	0.8361776590440735	0.7828768641918186	21	21	0.8551362811096996	1.7820331514179093	2.637169432527609	42	213	9.580157485061816	365.2998643101423	ERADEPQWSLYPSNSQVSEEVKTR	brain
ERADEPQWSLYPSNSQVSEEVK	GCA_160390	3	36808	ERADEPQ[Deamidated]WSLYPSN[Deamidated]SQVSEEVK	861.0745844	860.7294006	ERADEPQWSLYPSNSQVSEEVK	3973.3	7|Deamidated|14|Deamidated	01698_A04_P018021_S00_N25_R1	3.97e-06	2.52e-05	PXD010154-V500	3851.006945	122.2930546	122.2930546	61.4	0	0		0.3451838	mzspec:PXD010154:01698_A04_P018021_S00_N25_R1:scan:36808:ERADEPQ[Deamidated]WSLYPSN[Deamidated]SQVSEEVK/3	2	0.6025146556957075	0.5035427389895706	0.3033918800103746	21	21	0.5503108164968352	1.0731330170445197	1.623443833541355	42	236	9.437049547014512	571.5744475179899	ERADEPQWSLYPSNSQVSEEVKTR	pituitary hypophysis
ERADEPQWSLYPSNSQVSEEVKTR	GCA_160390	3	39315	ERADEPQWSLYPSNSQVSEEVKTR	945.7833854	945.7896535	ERADEPQWSLYPSNSQVSEEVKTR	3930.2		01698_A03_P018021_S00_N17_R1	7.16e-06	8.75e-05	PXD010154-V500	3576.584573	353.6154267	353.6154267	93.5	0	0		0.0062681	mzspec:PXD010154:01698_A03_P018021_S00_N17_R1:scan:39315:ERADEPQWSLYPSNSQVSEEVKTR/3	3	0.5051128334486741	0.8061936107546648	0.4072187390365062	23	23	0.4751335103009704	1.7694707824082012	2.244604292709172	46	246	8.409869720902186	492.637140701464	ERADEPQWSLYPSNSQVSEEVKTR	pituitary hypophysis
ERADEPQWSLYPSNSQVSEEVKTR	GCA_160390	3	27047	ERADEPQWSLYPSN[Deamidated]SQVSEEVKTR	946.119873	946.1176588	ERADEPQWSLYPSNSQVSEEVKTR	3186.3362	14|Deamidated	01524_D03_P015424_S00_N20_R1	2.66e-06	2.03e-12	PXD010154-V122	3124.148017	62.18818294	62.18818294	40.72	0	0		0.0022142	mzspec:PXD010154:01524_D03_P015424_S00_N20_R1:scan:27047:ERADEPQWSLYPSN[Deamidated]SQVSEEVKTR/3	3	0.8985799589265845	0.7384219257202712	0.6635311436842107	23	23	0.8452476791292476	1.620722373907822	2.4659700530370694	46	207	6.863672604352882	426.464048790246	ERADEPQWSLYPSNSQVSEEVKTR	adrenal gland
ERADEPQWSLYPSNSQVSEEVKTR	GCA_160390	3	37815	ERADEPQWSLYPSNSQ[Deamidated]VSEEVKTR	946.12799	946.1176588	ERADEPQWSLYPSNSQVSEEVKTR	3897.1	16|Deamidated	01698_D03_P018021_S00_N20_R1	0.00011508	0.00155981	PXD010154-V500	3601.587251	295.5127489	295.5127489	90.9	0	0		0.0103312	mzspec:PXD010154:01698_D03_P018021_S00_N20_R1:scan:37815:ERADEPQWSLYPSNSQ[Deamidated]VSEEVKTR/3	3	0.8689350068979339	0.6655488923163638	0.5783187313358319	23	23	0.8173622064440483	1.4607772915932078	2.278139498037256	46	255	7.62516945055692	377.6590981635267	ERADEPQWSLYPSNSQVSEEVKTR	pituitary hypophysis
ERADEPQWSLYPSNSQVSEEVKTR	GCA_160390	5	35257	ERADEPQ[Deamidated]WSLYPSN[Deamidated]SQ[Deamidated]VSEEVKTR	568.6773064	568.4671122	ERADEPQWSLYPSNSQVSEEVKTR	3669.4	7|Deamidated|14|Deamidated|16|Deamidated	01698_D03_P018021_S00_N20_R1	2.69e-06	3.29e-06	PXD010154-V500	3684.079927	-14.67992723	14.67992723	8.84	0	0		0.2101942	mzspec:PXD010154:01698_D03_P018021_S00_N20_R1:scan:35257:ERADEPQ[Deamidated]WSLYPSN[Deamidated]SQ[Deamidated]VSEEVKTR/5	3	0.7987863011745006	0.97054389200443	0.7752571656217226	23	23	0.7513769481288258	2.1301943317796788	2.8815712799085045	46	333	7.821058813973715	439.09040567041416	ERADEPQWSLYPSNSQVSEEVKTR	pituitary hypophysis
ERADEPQWSLYPSNSQVSEEVKTR	GCA_160390	3	38496	ERADEPQ[Deamidated]WSLYPSNSQ[Deamidated]VSEEVKTR	946.7924797	946.4456641	ERADEPQWSLYPSNSQVSEEVKTR	3923.6	7|Deamidated|16|Deamidated	01697_D03_P018020_S00_N20_R2	0.000168403	0.00227512	PXD010154-V501	3466.719613	456.8803873	456.8803873	91.51	0	0		0.3468156	mzspec:PXD010154:01697_D03_P018020_S00_N20_R2:scan:38496:ERADEPQ[Deamidated]WSLYPSNSQ[Deamidated]VSEEVKTR/3	3	0.5991556996795445	0.5594004106913634	0.3351679444688084	23	23	0.5635947692358584	1.2277977264778124	1.7913924957136709	46	190	7.870207055438549	393.2242653579827	ERADEPQWSLYPSNSQVSEEVKTR	pituitary hypophysis
EDEEEEEGENYQKGEQGEDSSEEK	GCA_128210	3	14038	EDEEEEEGENYQKGEQGEDSSEEK	935.3718872	935.0322035	EDEEEEEGENYQKGEQGEDSSEEK	1772.6271		01698_G04_P018021_S00_N31_R1	2.66e-06	1.48e-08	PXD010154-V500	1787.321203	-14.69410345	14.69410345	8.84	9	0	PE=2	0.3396837	mzspec:PXD010154:01698_G04_P018021_S00_N31_R1:scan:14038:EDEEEEEGENYQKGEQGEDSSEEK/3	2	0.7616336366749898	0.9159052241358696	0.6975842267082241	23	23	0.7164293587354543	2.010270872832117	2.7267002315675715	46	345	6.653228975454817	1230.6163746610744	SQREDEEEEEGENYQKGEQGEDSSEEKHLEEPGETQNAFLNERK	pituitary hypophysis
EDEEEEEGENYQKGEQGEDSSEEK	GCA_128210	3	13661	EDEEEEEGEN[Deamidated]YQKGEQGEDSSEEK	935.3720703	935.3602089	EDEEEEEGENYQKGEQGEDSSEEK	1737.0897	10|Deamidated	01698_G04_P018021_S00_N31_R1	3.43e-06	2.07e-05	PXD010154-V500	1834.989838	-97.90013758	97.90013758	52.2	9	0	PE=2	0.0118614	mzspec:PXD010154:01698_G04_P018021_S00_N31_R1:scan:13661:EDEEEEEGEN[Deamidated]YQKGEQGEDSSEEK/3	2	0.8018687151903106	0.8982558072550628	0.7202832300758525	23	23	0.7542764155241273	1.971533121651113	2.72580953717524	46	262	4.970588717966504	289.60137548753494	SQREDEEEEEGENYQKGEQGEDSSEEKHLEEPGETQNAFLNERK	pituitary hypophysis
GEQGEDSSEEKHLEEPGETQNAFLNER	GCA_128210	3	26767	GEQGEDSSEEKHLEEPGETQNAFLNER	1020.79248	1020.453548	GEQGEDSSEEKHLEEPGETQNAFLNER	3036.911		01698_C04_P018021_S00_N27_R1	2.66e-06	1.49e-09	PXD010154-V500	2836.12725	200.7837502	200.7837502	81.51	205	0	PE=2	0.338932	mzspec:PXD010154:01698_C04_P018021_S00_N27_R1:scan:26767:GEQGEDSSEEKHLEEPGETQNAFLNER/3	2	0.8846392250495032	0.952063336067334	0.842232571816651	26	26	0.864671998959538	2.1713399814527143	3.036011980412252	52	299	9.486000629552487	1227.8692161954036	SQREDEEEEEGENYQKGEQGEDSSEEKHLEEPGETQNAFLNERK	pituitary hypophysis
GEQGEDSSEEKHLEEPGETQNAFLNER	GCA_128210	4	25881	GEQGEDSSEEKHLEEPGETQ[Deamidated]N[Deamidated]AFLNER	766.3422233	766.083988	GEQGEDSSEEKHLEEPGETQNAFLNER	2944.2	20|Deamidated|21|Deamidated	01698_F04_P018021_S00_N30_R1	0.000284945	0.00392818	PXD010154-V500	2908.74896	35.45104003	35.45104003	20.59	205	0	PE=2	0.2582353	mzspec:PXD010154:01698_F04_P018021_S00_N30_R1:scan:25881:GEQGEDSSEEKHLEEPGETQ[Deamidated]N[Deamidated]AFLNER/4	2	0.9413462570330864	0.7601720915439303	0.7155851530758914	26	26	0.9200990943356936	1.73369984183188	2.653798936167574	52	89	5.156576712451308	208.1147434952113	SQREDEEEEEGENYQKGEQGEDSSEEKHLEEPGETQNAFLNERK	pituitary hypophysis
GEQGEDSSEEKHLEEPGETQNAFLNER	GCA_128210	4	27556	GEQGEDSSEEKHLEEPGETQN[Deamidated]AFLNER	766.096923	765.837984	GEQGEDSSEEKHLEEPGETQNAFLNER	3100.6	21|Deamidated	01698_F04_P018021_S00_N30_R1	0.0003382	0.00468119	PXD010154-V500	2827.602897	272.9971032	272.9971032	89.52	205	0	PE=2	0.258939	mzspec:PXD010154:01698_F04_P018021_S00_N30_R1:scan:27556:GEQGEDSSEEKHLEEPGETQN[Deamidated]AFLNER/4	2	0.9435561461055204	0.7526510999248714	0.7101685712071927	26	26	0.9222591039165864	1.716546960102299	2.638806064018885	52	95	3.8556139447109423	151.03720271713684	SQREDEEEEEGENYQKGEQGEDSSEEKHLEEPGETQNAFLNERK	pituitary hypophysis
GEQGEDSSEEKHLEEPGETQNAFLNER	GCA_128210	3	27042	GEQ[Deamidated]GEDSSEEKHLEEPGETQNAFLNER	1021.127746	1020.781553	GEQGEDSSEEKHLEEPGETQNAFLNER	3087.0	3|Deamidated	01698_D04_P018021_S00_N28_R1	0.00010084	0.0013411	PXD010154-V500	2855.173099	231.8269014	231.8269014	85.62	205	0	PE=2	0.346193	mzspec:PXD010154:01698_D04_P018021_S00_N28_R1:scan:27042:GEQ[Deamidated]GEDSSEEKHLEEPGETQNAFLNER/3	2	0.4469997909731048	0.7555163529600651	0.3377156518499116	26	26	0.4369105414397397	1.7230816497984631	2.159992191238203	52	78	4.651956293294338	187.34573511380896	SQREDEEEEEGENYQKGEQGEDSSEEKHLEEPGETQNAFLNERK	pituitary hypophysis
GEQGEDSSEEKHLEEPGETQNAFLNERK	GCA_128210	4	24659	GEQGEDSSEEKHLEEPGETQNAFLNERK	797.8688354	797.6157208	GEQGEDSSEEKHLEEPGETQNAFLNERK	2782.547		01698_G03_P018021_S00_N23_R1	2.66e-06	1.87e-07	PXD010154-V500	2493.345849	289.2011514	289.2011514	90.62	10	0	PE=2	0.2531146	mzspec:PXD010154:01698_G03_P018021_S00_N23_R1:scan:24659:GEQGEDSSEEKHLEEPGETQNAFLNERK/4	3	0.9484709700320028	0.9084417624942486	0.8616306396905024	27	27	0.9378016768099088	2.095853096012545	3.0336547728224543	54	219	4.5995490296472274	312.0500828322712	SQREDEEEEEGENYQKGEQGEDSSEEKHLEEPGETQNAFLNERK	pituitary hypophysis
GEQGEDSSEEKHLEEPGETQNAFLNERK	GCA_128210	4	24278	GEQGEDSSEEKHLEEPGETQ[Deamidated]NAFLNERK	797.8693848	797.8617248	GEQGEDSSEEKHLEEPGETQNAFLNERK	2746.7651	20|Deamidated	01698_G03_P018021_S00_N23_R1	5.01e-05	0.00068363	PXD010154-V500	2564.844205	181.9208952	181.9208952	78.14	10	0	PE=2	0.00766	mzspec:PXD010154:01698_G03_P018021_S00_N23_R1:scan:24278:GEQGEDSSEEKHLEEPGETQ[Deamidated]NAFLNERK/4	3	0.9518879416763047	0.897492175551442	0.8543119796562509	27	27	0.9411802111445232	2.07059145939301	3.011771670537533	54	117	5.773071590101528	297.4574978879164	SQREDEEEEEGENYQKGEQGEDSSEEKHLEEPGETQNAFLNERK	pituitary hypophysis
SQREDEEEEEGENYQKGEQGEDSSEEK	GCA_128210	4	12146	SQREDEEEEEGENYQKGEQGEDSSEEK	794.579834	794.3239015	SQREDEEEEEGENYQKGEQGEDSSEEK	1593.6649		01698_G04_P018021_S00_N31_R1	2.66e-06	3.18e-07	PXD010154-V500	1568.489979	25.17492081	25.17492081	14.83	60	0	PE=2	0.2559325	mzspec:PXD010154:01698_G04_P018021_S00_N31_R1:scan:12146:SQREDEEEEEGENYQKGEQGEDSSEEK/4	3	0.9147603414780656	0.9432409613491614	0.8628394238998577	26	26	0.8941132505067103	2.15121907748423	3.0453323279909403	52	214	5.998836898661507	341.6159915039962	SQREDEEEEEGENYQKGEQGEDSSEEKHLEEPGETQNAFLNERK	pituitary hypophysis
EKSSQESGEEAGSQENHPQESK	GCA_112077	3	5246	EKSSQESGEEAGSQENHPQESK	801.3572487	801.3494714	EKSSQESGEEAGSQENHPQESK	946.9		01698_F02_P018021_S00_N14_R1	2.69e-06	5.03e-06	PXD010154-V500	1009.618326	-62.71832649	62.71832649	36.11	168	0	PE=2	0.0077773	mzspec:PXD010154:01698_F02_P018021_S00_N14_R1:scan:5246:EKSSQESGEEAGSQENHPQESK/3	2	0.6885236376344933	0.8771523149856475	0.6039401026734349	21	21	0.6288676991043499	1.8693569329923927	2.498224632096743	42	91	4.444910461478986	276.6880253320106	EKSSQESGEEAGSQENHPQESKGQPR	pituitary hypophysis
EKSSQESGEEAGSQENHPQESK	GCA_112077	4	5423	EKSSQESGEEAGSQEN[Deamidated]HPQESK	601.7633667	601.5099266	EKSSQESGEEAGSQENHPQESK	983.03827	16|Deamidated	01697_A03_P018020_S00_N17_R2	3.43e-06	2.04e-05	PXD010154-V501	1014.487032	-31.44876213	31.44876213	15.66	168	0	PE=2	0.2534401	mzspec:PXD010154:01697_A03_P018020_S00_N17_R2:scan:5423:EKSSQESGEEAGSQEN[Deamidated]HPQESK/4	2	0.311511464219788	0.7652243819210658	0.2383761676689134	21	21	0.2845210927275665	1.6308199604562057	1.915341053183772	42	135	5.047115823385721	207.16366299646444	EKSSQESGEEAGSQENHPQESKGQPR	pituitary hypophysis
EKSSQESGEEAGSQENHPQESK	GCA_112077	3	5647	EKSSQESGEEAGSQENHPQ[Deamidated]ESK	802.01715	801.6774767	EKSSQESGEEAGSQENHPQESK	1018.4	19|Deamidated	01697_C03_P018020_S00_N19_R2	2.66e-06	3.44e-10	PXD010154-V501	1012.818235	5.581764532	5.581764532	2.88	168	0	PE=2	0.3396733	mzspec:PXD010154:01697_C03_P018020_S00_N19_R2:scan:5647:EKSSQESGEEAGSQENHPQ[Deamidated]ESK/3	2	0.8425563707900005	0.8901842130525933	0.7500303798841456	21	21	0.7695545327750917	1.897130067242052	2.666684600017144	42	180	6.197984330508084	499.5740285216371	EKSSQESGEEAGSQENHPQESKGQPR	pituitary hypophysis
EKSSQESGEEAGSQENHPQESKGQPR	GCA_112077	4	5773	EKSSQESGEEAGSQENHPQESKGQPR	711.083007	710.8224021	EKSSQESGEEAGSQENHPQESKGQPR	979.3		01698_B02_P018021_S00_N10_R1	7.55e-06	9.6e-05	PXD010154-V500	1028.130609	-48.8306094	48.8306094	28.51	198	0	PE=2	0.2606049	mzspec:PXD010154:01698_B02_P018021_S00_N10_R1:scan:5773:EKSSQESGEEAGSQENHPQESKGQPR/4	3	0.5163781222113086	0.57628711473765	0.2975820581628007	25	25	0.4986471162230455	1.298497663268448	1.7971447794914934	50	127	7.795111661407675	552.4037270670954	EKSSQESGEEAGSQENHPQESKGQPR	pituitary hypophysis
EKSSQESGEEAGSQENHPQESKGQPR	GCA_112077	5	6055	EKSSQESGEEAGSQ[Deamidated]ENHPQESKGQPR	569.25653	569.0561802	EKSSQESGEEAGSQENHPQESKGQPR	1092.4	14|Deamidated	01697_G02_P018020_S00_N15_R2	2.66e-06	1.02e-06	PXD010154-V501	1029.934426	62.46557448	62.46557448	30.24	198	0	PE=2	0.2003498	mzspec:PXD010154:01697_G02_P018020_S00_N15_R2:scan:6055:EKSSQESGEEAGSQ[Deamidated]ENHPQESKGQPR/5	3	0.6261502704952938	0.8854542702221254	0.5544274308107968	25	25	0.6046499905295958	1.99511714111102	2.599767131640616	50	406	13.692656361138615	1264.6178075761045	EKSSQESGEEAGSQENHPQESKGQPR	pituitary hypophysis
EKSSQESGEEAGSQENHPQESKGQPR	GCA_112077	4	6206	EKSSQESGEEAGSQEN[Deamidated]HPQESKGQPR	711.0721485	711.0684061	EKSSQESGEEAGSQENHPQESKGQPR	1006.9	16|Deamidated	01698_A03_P018021_S00_N17_R1	2.66e-06	3.53e-07	PXD010154-V500	1044.266356	-37.36635633	37.36635633	21.66	198	0	PE=2	0.0037424	mzspec:PXD010154:01698_A03_P018021_S00_N17_R1:scan:6206:EKSSQESGEEAGSQEN[Deamidated]HPQESKGQPR/4	3	0.7119002910950551	0.7577529492864171	0.539444545175137	25	25	0.6874555910167522	1.7073788547764392	2.394834445793192	50	361	10.227035266694651	1942.797306002326	EKSSQESGEEAGSQENHPQESKGQPR	pituitary hypophysis
EKSSQESGEEAGSQENHPQESKGQPR	GCA_112077	4	5959	EKSSQESGEEAGSQEN[Deamidated]HPQ[Deamidated]ESKGQPR	711.3179485	711.3144101	EKSSQESGEEAGSQENHPQESKGQPR	1016.2	16|Deamidated|19|Deamidated	01697_D03_P018020_S00_N20_R2	2.66e-06	1.75e-08	PXD010154-V501	1068.399015	-52.19901502	52.19901502	25.84	198	0	PE=2	0.0035384	mzspec:PXD010154:01697_D03_P018020_S00_N20_R2:scan:5959:EKSSQESGEEAGSQEN[Deamidated]HPQ[Deamidated]ESKGQPR/4	3	0.5527561234889221	0.7236650571270107	0.4000102916819157	25	25	0.533775996883906	1.6305715703816	2.164347567265506	50	241	7.903669169030547	391.8509606615677	EKSSQESGEEAGSQENHPQESKGQPR	pituitary hypophysis
EKSSQESGEEAGSQENHPQESKGQPR	GCA_112077	4	5896	EKSSQESGEEAGSQENHPQ[Deamidated]ESKGQPR	711.0718994	711.0684061	EKSSQESGEEAGSQENHPQESKGQPR	1024.5743	19|Deamidated	01697_A03_P018020_S00_N17_R2	2.66e-06	2.53e-15	PXD010154-V501	1038.952978	-14.37867836	14.37867836	7.63	198	0	PE=2	0.0034933	mzspec:PXD010154:01697_A03_P018020_S00_N17_R2:scan:5896:EKSSQESGEEAGSQENHPQ[Deamidated]ESKGQPR/4	3	0.691368663670338	0.8108646737579143	0.5606064259134937	25	25	0.6676289632679654	1.8270508869192927	2.4946798501872585	50	383	10.32534143375676	1244.8273043624154	EKSSQESGEEAGSQENHPQESKGQPR	pituitary hypophysis
EKSSQESGEEAGSQENHPQESKGQPR	GCA_112077	4	5606	EKSSQ[Deamidated]ESGEEAGSQENHPQESKGQPR	711.3255608	711.0684061	EKSSQESGEEAGSQENHPQESKGQPR	956.9	5|Deamidated	01697_B02_P018020_S00_N10_R2	5.19e-06	4.45e-05	PXD010154-V501	1027.436646	-70.5366456	70.5366456	33.69	198	0	PE=2	0.2571547	mzspec:PXD010154:01697_B02_P018020_S00_N10_R2:scan:5606:EKSSQ[Deamidated]ESGEEAGSQENHPQESKGQPR/4	3	0.6721438470543992	0.4955581030766388	0.3330863298409125	25	25	0.6490642740351945	1.1165979984676555	1.76566227250285	50	112	5.353961376843885	260.932528458169	EKSSQESGEEAGSQENHPQESKGQPR	pituitary hypophysis
EKSSQESGEEAGSQENHPQESKGQPR	GCA_112077	4	10290	EKSSQ[Deamidated]ESGEEAGSQ[Deamidated]ENHPQESKGQPR	711.577819	711.3144101	EKSSQESGEEAGSQENHPQESKGQPR	1478.8	5|Deamidated|14|Deamidated	01697_G02_P018020_S00_N15_R2	0.000298727	0.0041328	PXD010154-V501	1054.940323	423.8596773	423.8596773	90.57	198	0	PE=2	0.2634089	mzspec:PXD010154:01697_G02_P018020_S00_N15_R2:scan:10290:EKSSQ[Deamidated]ESGEEAGSQ[Deamidated]ENHPQESKGQPR/4	3	0.1515822521696745	0.7074073110841004	0.1072303934154214	25	25	0.1463773340964121	1.5939394043885404	1.7403167384849527	50	142	8.989279450803991	554.5328942019818	EKSSQESGEEAGSQENHPQESKGQPR	pituitary hypophysis
EKSSQESGEEAGSQENHPQESKGQPR	GCA_112077	4	5961	EKSSQ[Deamidated]ESGEEAGSQ[Deamidated]EN[Deamidated]HPQESKGQPR	711.81903	711.5604141	EKSSQESGEEAGSQENHPQESKGQPR	986.9	5|Deamidated|14|Deamidated|16|Deamidated	01698_D03_P018021_S00_N20_R1	5.19e-06	4.34e-05	PXD010154-V500	1073.375842	-86.47584228	86.47584228	47.37	198	0	PE=2	0.2586159	mzspec:PXD010154:01698_D03_P018021_S00_N20_R1:scan:5961:EKSSQ[Deamidated]ESGEEAGSQ[Deamidated]EN[Deamidated]HPQESKGQPR/4	3	0.4275721075368887	0.5876426230635138	0.251259594821772	25	25	0.4128904561015313	1.3240840431288965	1.7369744992304277	50	115	4.901303907508742	208.88294343376208	EKSSQESGEEAGSQENHPQESKGQPR	pituitary hypophysis
EKSSQESGEEAGSQENHPQESKGQPR	GCA_112077	3	5504	EKSSQ[Deamidated]ESGEEAGSQEN[Deamidated]HPQESKGQPR	948.4238274	948.0834547	EKSSQESGEEAGSQENHPQESKGQPR	941.5	5|Deamidated|16|Deamidated	01698_A03_P018021_S00_N17_R1	0.000294415	0.00408235	PXD010154-V500	1066.958399	-125.4583988	125.4583988	62.5	198	0	PE=2	0.3403727	mzspec:PXD010154:01698_A03_P018021_S00_N17_R1:scan:5504:EKSSQ[Deamidated]ESGEEAGSQEN[Deamidated]HPQESKGQPR/3	3	0.01	0.5508578078308723	0.0055085780783087	25	25	0.0096566274746046	1.2412000163966814	1.250856643871286	50	56	4.16490376489695	339.9815173982012	EKSSQESGEEAGSQENHPQESKGQPR	pituitary hypophysis
EKSSQESGEEAGSQENHPQESKGQPR	GCA_112077	4	6796	EKSSQ[Deamidated]ESGEEAGSQEN[Deamidated]HPQ[Deamidated]ESKGQPR	711.8159173	711.5604141	EKSSQESGEEAGSQENHPQESKGQPR	1096.9	5|Deamidated|16|Deamidated|19|Deamidated	01697_D03_P018020_S00_N20_R2	0.000200089	0.00273678	PXD010154-V501	1097.066934	-0.166933942	0.166933942	0.08	198	0	PE=2	0.2555032	mzspec:PXD010154:01697_D03_P018020_S00_N20_R2:scan:6796:EKSSQ[Deamidated]ESGEEAGSQEN[Deamidated]HPQ[Deamidated]ESKGQPR/4	3	0.4734838945184462	0.7751412285881856	0.3670168877137472	25	25	0.4572257584589614	1.7465583530928022	2.203784111551764	50	110	4.825680354656543	192.85235393222047	EKSSQESGEEAGSQENHPQESKGQPR	pituitary hypophysis
SSQESGEEAGSQENHPQESK	GCA_112077	3	6524	SSQESGEEAGSQ[Deamidated]ENHPQESK	715.9677124	715.9649575	SSQESGEEAGSQENHPQESK	1060.3472	12|Deamidated	01698_F03_P018021_S00_N22_R1	2.66e-06	5.4e-07	PXD010154-V500	1074.704062	-14.35686202	14.35686202	8.71	512	0	PE=2	0.0027549	mzspec:PXD010154:01698_F03_P018021_S00_N22_R1:scan:6524:SSQESGEEAGSQ[Deamidated]ENHPQESK/3	1	0.8295375937743074	0.8023772831007167	0.6656021207225347	19	19	0.732756847737902	1.653785663851591	2.386542511589493	38	169	5.163753369926504	311.7486032031446	EKSSQESGEEAGSQENHPQESKGQPR	pituitary hypophysis
SSQESGEEAGSQENHPQESK	GCA_112077	3	2401	SSQESGEEAGSQEN[Deamidated]HPQESK	715.9671014	715.9649575	SSQESGEEAGSQENHPQESK	540.7	14|Deamidated	01524_C03_P015424_S00_N19_R1	2.66e-06	3.19e-10	PXD010154-V122	786.3871672	-245.6871672	245.6871672	91.88	512	0	PE=2	0.0021439	mzspec:PXD010154:01524_C03_P015424_S00_N19_R1:scan:2401:SSQESGEEAGSQEN[Deamidated]HPQESK/3	1	0.8628506441799525	0.6879194942267677	0.5935717787375137	19	19	0.7621833209766974	1.4178758813308303	2.180059202307528	38	325	8.632181928577086	496.47795230917706	EKSSQESGEEAGSQENHPQESKGQPR	adrenal gland
SSQESGEEAGSQENHPQESKGQPR	GCA_112077	4	6720	SSQESGEEAGSQ[Deamidated]ENHPQESKGQPR	647.0380853	646.7840167	SSQESGEEAGSQENHPQESKGQPR	1059.2	12|Deamidated	01698_C03_P018021_S00_N19_R1	2.82e-06	6.24e-06	PXD010154-V500	1119.25379	-60.05378986	60.05378986	34.66	184	0	PE=2	0.2540686	mzspec:PXD010154:01698_C03_P018021_S00_N19_R1:scan:6720:SSQESGEEAGSQ[Deamidated]ENHPQESKGQPR/4	2	0.866116568708829	0.7327039034994671	0.6346069907785234	23	23	0.8147110474520807	1.6081721959879025	2.422883243439983	46	175	9.522047844040058	472.2507269440903	EKSSQESGEEAGSQENHPQESKGQPR	pituitary hypophysis
SSQESGEEAGSQENHPQESKGQPR	GCA_112077	4	6257	SSQESGEEAGSQEN[Deamidated]HPQESKGQPR	646.7889398	646.7840167	SSQESGEEAGSQENHPQESKGQPR	1012.4	14|Deamidated	01698_A03_P018021_S00_N17_R1	2.97e-06	9.73e-06	PXD010154-V500	1127.21473	-114.8147297	114.8147297	58.53	184	0	PE=2	0.0049231	mzspec:PXD010154:01698_A03_P018021_S00_N17_R1:scan:6257:SSQESGEEAGSQEN[Deamidated]HPQESKGQPR/4	2	0.8331080529719558	0.6410305080791402	0.5340476784814361	23	23	0.7836616444012688	1.4069632152213876	2.1906248596226563	46	141	9.113666588008735	392.9914674790319	EKSSQESGEEAGSQENHPQESKGQPR	pituitary hypophysis
SSQESGEEAGSQENHPQESKGQPR	GCA_112077	4	6168	SSQ[Deamidated]ESGEEAGSQENHPQESKGQPR	646.789367	646.7840167	SSQESGEEAGSQENHPQESKGQPR	1012.9	3|Deamidated	01698_B02_P018021_S00_N10_R1	0.000289345	0.00401694	PXD010154-V500	1109.034199	-96.13419922	96.13419922	51.47	184	0	PE=2	0.0053503	mzspec:PXD010154:01698_B02_P018021_S00_N10_R1:scan:6168:SSQ[Deamidated]ESGEEAGSQENHPQESKGQPR/4	2	0.8459605827007041	0.5987714827152614	0.5065370724223671	23	23	0.7957513541886332	1.314211164501916	2.109962518690549	46	168	5.850589590100404	354.7475072141877	EKSSQESGEEAGSQENHPQESKGQPR	pituitary hypophysis
SSQESGEEAGSQENHPQESKGQPR	GCA_112077	4	6524	SSQ[Deamidated]ESGEEAGSQ[Deamidated]EN[Deamidated]HPQESKGQPR	647.2832635	647.2760247	SSQESGEEAGSQENHPQESKGQPR	1054.0	3|Deamidated|12|Deamidated|14|Deamidated	01698_E03_P018021_S00_N21_R1	1.18e-05	0.000204904	PXD010154-V500	1158.618428	-104.6184279	104.6184279	54.71	184	0	PE=2	0.0072388	mzspec:PXD010154:01698_E03_P018021_S00_N21_R1:scan:6524:SSQ[Deamidated]ESGEEAGSQ[Deamidated]EN[Deamidated]HPQESKGQPR/4	2	0.7099992531284703	0.5937433200228603	0.4215573137662492	23	23	0.6678595654495005	1.303175121974774	1.9710346874242743	46	90	7.844181371669327	374.17008041195095	EKSSQESGEEAGSQENHPQESKGQPR	pituitary hypophysis
SSQESGEEAGSQENHPQESKGQPR	GCA_112077	4	6705	SSQ[Deamidated]ESGEEAGSQEN[Deamidated]HPQESKGQPR	647.2870483	647.0300207	SSQESGEEAGSQENHPQESKGQPR	1097.137	3|Deamidated|14|Deamidated	01697_A03_P018020_S00_N17_R2	9.38e-05	0.00125905	PXD010154-V501	1103.993152	-6.856152384	6.856152384	3.63	184	0	PE=2	0.2570276	mzspec:PXD010154:01697_A03_P018020_S00_N17_R2:scan:6705:SSQ[Deamidated]ESGEEAGSQEN[Deamidated]HPQESKGQPR/4	2	0.5557871274830729	0.635961838815694	0.3534594035842276	23	23	0.5228001970533156	1.3958382670107925	1.918638464064108	46	82	5.71114189551977	226.10268317548812	EKSSQESGEEAGSQENHPQESKGQPR	pituitary hypophysis
ASEEEPEYGEEIKGYPGVQGPEDLEWER	GCA_128210	3	38443	ASEEEPEYGEEIKGYPGVQGPEDLEWER	1075.150024	1074.817716	ASEEEPEYGEEIKGYPGVQGPEDLEWER	4208.4614		01697_H04_P018020_S00_N32_R1	2.66e-06	1.66e-07	PXD010154-V501	4216.326504	-7.865104245	7.865104245	4.22	33	0	PE=2	0.332308	mzspec:PXD010154:01697_H04_P018020_S00_N32_R1:scan:38443:ASEEEPEYGEEIKGYPGVQGPEDLEWER/3	2	0.86628313341718	0.9347326385818826	0.8097431190580217	27	27	0.8565383662542265	2.1565084030669683	3.013046769321195	54	252	9.145544957658432	712.088479590011	DHHSTHYRASEEEPEYGEEIKGYPGVQGPEDLEWERYRGR	pituitary hypophysis
ASEEEPEYGEEIKGYPGVQGPEDLEWER	GCA_128210	3	39517	ASEEEPEYGEEIKGYPGVQ[Deamidated]GPEDLEWER	1075.496886	1075.145721	ASEEEPEYGEEIKGYPGVQGPEDLEWER	4225.1	19|Deamidated	01698_H04_P018021_S00_N32_R1	3.87e-05	0.000538369	PXD010154-V500	4339.521585	-114.4215848	114.4215848	58.36	33	0	PE=2	0.351165	mzspec:PXD010154:01698_H04_P018021_S00_N32_R1:scan:39517:ASEEEPEYGEEIKGYPGVQ[Deamidated]GPEDLEWER/3	2	0.9182664887544894	0.7748328987951099	0.7115030853480482	27	27	0.9079369639360187	1.787605982989347	2.695542946925366	54	130	6.495868135623211	329.6788015623627	DHHSTHYRASEEEPEYGEEIKGYPGVQGPEDLEWERYRGR	pituitary hypophysis
DHHSTHYRASEEEPEYGEEIKGYPGVQGPEDLEWER	GCA_171396	6	29773	DHHSTHYRASEEEPEYGEEIKGYPGVQ[Deamidated]GPEDLEWER	710.4894409	710.3178037	DHHSTHYRASEEEPEYGEEIKGYPGVQGPEDLEWER	3554.862	27|Deamidated	01698_A05_P018021_S00_N33_R1	0.000662947	0.00959105	PXD010154-V500	3306.08469	248.7773102	248.7773102	87.57	8	0	PE=2	0.1716372	mzspec:PXD010154:01698_A05_P018021_S00_N33_R1:scan:29773:DHHSTHYRASEEEPEYGEEIKGYPGVQ[Deamidated]GPEDLEWER/6	3	0.01	0.7801944444039111	0.0078019444440391	35	35	0.0106660441844682	1.9417039638473783	1.952370008031847	70	78	5.007299980402557	151.61651365484312	DHHSTHYRASEEEPEYGEEIKGYPGVQGPEDLEWERYRGR	pituitary hypophysis
GYPGVQGPEDLEWER	GCA_128210	2	37258	GYPGVQGPEDLEWER	866.4088125	866.4022882	GYPGVQGPEDLEWER	4017.0		01698_D04_P018021_S00_N28_R1	4.12e-06	3.03e-05	PXD010154-V500	4165.465875	-148.4658746	148.4658746	69.58	545	0	PE=2	0.0065243	mzspec:PXD010154:01698_D04_P018021_S00_N28_R1:scan:37258:GYPGVQGPEDLEWER/2	1	0.3443814430016556	0.8773071934920846	0.3021283172505367	14	14	0.2726527114010995	1.6206847855166344	1.893337496917734	28	200	10.591358737784107	1553.783583729372	DHHSTHYRASEEEPEYGEEIKGYPGVQGPEDLEWERYRGR	pituitary hypophysis
GYPGVQGPEDLEWER	GCA_128210	2	38753	GYPGVQ[Deamidated]GPEDLEWER	867.3966055	866.8942962	GYPGVQGPEDLEWER	4156.2	6|Deamidated	01698_D04_P018021_S00_N28_R1	9.53e-05	0.00127118	PXD010154-V500	4171.624104	-15.42410407	15.42410407	9.36	545	0	PE=2	0.5023093	mzspec:PXD010154:01698_D04_P018021_S00_N28_R1:scan:38753:GYPGVQ[Deamidated]GPEDLEWER/2	1	0.2962036536541881	0.871396217023422	0.2581107432627754	14	14	0.2345095269704714	1.6097652014742692	1.8442747284447405	28	84	6.412913448467402	411.0979922742093	DHHSTHYRASEEEPEYGEEIKGYPGVQGPEDLEWERYRGR	pituitary hypophysis
GYPGVQGPEDLEWERYRGR	GCA_128210	4	33044	GYPGVQGPEDLEWERYRGR	566.7790485	566.7765364	GYPGVQGPEDLEWERYRGR	3478.1		01698_D03_P018021_S00_N20_R1	4.12e-06	3.06e-05	PXD010154-V500	3742.061097	-263.9610968	263.9610968	88.86	7	0	PE=2	0.0025121	mzspec:PXD010154:01698_D03_P018021_S00_N20_R1:scan:33044:GYPGVQGPEDLEWERYRGR/4	3	0.8228287423829684	0.8201537839905367	0.6748461066415661	18	18	0.7134842875706852	1.659384534064543	2.3728688216352283	36	366	9.839168630062405	1668.5189672781703	DHHSTHYRASEEEPEYGEEIKGYPGVQGPEDLEWERYRGR	pituitary hypophysis
GYPGVQGPEDLEWERYRGR	GCA_128210	3	32322	GYPGVQ[Deamidated]GPEDLEWERYRGR	756.039367	755.694295	GYPGVQGPEDLEWERYRGR	3505.3	6|Deamidated	01698_E03_P018021_S00_N21_R1	5.75e-06	5.55e-05	PXD010154-V500	3764.579099	-259.279099	259.279099	88.6	7	0	PE=2	0.345072	mzspec:PXD010154:01698_E03_P018021_S00_N21_R1:scan:32322:GYPGVQ[Deamidated]GPEDLEWERYRGR/3	3	0.6531350187059002	0.6772689316146165	0.4423480563190376	18	18	0.566340903648155	1.3702912947075774	1.9366321983557324	36	182	8.500965850686784	814.808635540509	DHHSTHYRASEEEPEYGEEIKGYPGVQGPEDLEWERYRGR	pituitary hypophysis
APRPQSEESLDEEDKR	GCA_190970	3	11537	APRPQSEESLDEEDKR	629.3056487	629.3010631	APRPQSEESLDEEDKR	1533.2		01697_H02_P018020_S00_N16_R2	2.66e-06	1.82e-08	PXD010154-V501	1512.945965	20.2540348	20.2540348	10.64	0	0		0.0045856	mzspec:PXD010154:01697_H02_P018020_S00_N16_R2:scan:11537:APRPQSEESLDEEDKR/3	3	0.8534331564556765	0.9563464217412816	0.8161777453717536	15	15	0.6933419492901266	1.8128838838039	2.506225833094026	30	110	6.71128719889655	392.18963534998	APRPQSEESLDEEDKR	pituitary hypophysis
PQSEESLDEEDKR	GCA_190970	3	11005	PQSEESLDEEDKR	521.2388907	521.2373999	PQSEESLDEEDKR	1521.2		01697_E03_P018020_S00_N21_R2	2.66e-06	4.67e-08	PXD010154-V501	1436.126599	85.07340073	85.07340073	39.89	0	0		0.0014908	mzspec:PXD010154:01697_E03_P018020_S00_N21_R2:scan:11005:PQSEESLDEEDKR/3	2	0.9315201923725056	0.9341446289443576	0.8701745844579907	12	12	0.6944222161314708	1.624883540229305	2.319305756360776	24	180	5.0897888180594535	369.7726562985762	APRPQSEESLDEEDKR	pituitary hypophysis
MAHGYGEESEEERGLEPGKGHHHR	GCA_128210	6	10050	MAHGYGEESEEERGLEPGKGHHHR	455.8774719	455.7099552	MAHGYGEESEEERGLEPGKGHHHR	1378.0084		01698_H02_P018021_S00_N16_R1	2.69e-06	2.07e-06	PXD010154-V500	1348.742007	29.2663929	29.2663929	16.92	128	0	PE=2	0.1675167	mzspec:PXD010154:01698_H02_P018021_S00_N16_R1:scan:10050:MAHGYGEESEEERGLEPGKGHHHR/6	3	0.8548115891617034	0.920175035531342	0.7865762844294734	23	23	0.8040770380577177	2.019642451085645	2.8237194891433632	46	268	7.021695812153725	324.66748705945395	MAHGYGEESEEERGLEPGKGHHHR	pituitary hypophysis
MAHGYGEESEEERGLEPGKGHHHR	GCA_128210	5	8748	M[Oxidation]AHGYGEESEEERGLEPGKGHHHR	550.0528556	549.8494739	MAHGYGEESEEERGLEPGKGHHHR	1255.6	1|Oxidation	01698_H02_P018021_S00_N16_R1	2.94e-05	0.000424093	PXD010154-V500	1302.394668	-46.79466838	46.79466838	27.29	128	0	PE=2	0.2033817	mzspec:PXD010154:01698_H02_P018021_S00_N16_R1:scan:8748:M[Oxidation]AHGYGEESEEERGLEPGKGHHHR/5	3	0.7629837264565162	0.8924948042032209	0.6809590115540524	23	23	0.7176993183457425	1.9588886074282128	2.676587925773955	46	194	5.226052303115145	240.03828302631248	MAHGYGEESEEERGLEPGKGHHHR	pituitary hypophysis
