peptide	gene_symbol	GCA samples	protein_ID	gene_ID	transcript_ID
EVQQGEEFERRIGQPTLLLYVDAGPQTMTQR	AK1	GCA_018471095.1	"ENSP04990036364.1,ENSP04990036362.1,ENSP04990036365.1"	ENSG04990022249.1	"ENST04990081982.1,ENST04990081979.1,ENST04990081983.1"
LQALYDPINPDRETLDQPSLTNPQR	TMEM143	GCA_018469405.1	"ENSP04875057217.1,ENSP04875057211.1"	ENSG04875033540.1	"ENST04875128754.1,ENST04875128744.1"
FLIHEQQELWAQDLNK	PLCG2	GCA_018472865.1	"ENSP05105101677.1,ENSP05105101676.1,ENSP05105101679.1"	ENSG05105057514.1	"ENST05105227118.1,ENST05105227127.1,ENST05105227112.1"
QINDLKSQNDALNEK	MTUS1	GCA_018503525.1	"ENSP05150029122.1,ENSP05150029127.1,ENSP05150029134.1,ENSP05150029120.1,ENSP05150029123.1,ENSP05150029124.1,ENSP05150029135.1"	ENSG05150018373.1	"ENST05150066199.1,ENST05150066200.1,ENST05150066163.1,ENST05150066165.1,ENST05150066169.1,ENST05150066161.1,ENST05150066164.1"
TGQEMIEGGHCASDNVTTR	SPTA1	GCA_018469965.1	ENSP04945022323.1	ENSG04945013273.1	ENST04945049674.1
YCLCEDENHEVGSEEEEIPFR	RNF113B	GCA_018469935.1	ENSP04930088804.1	ENSG04930049844.1	ENST04930197341.1
ALEWLAHISSNDEK	IGHV2-26	GCA_018472695.1	ENSP05060005148.1	ENSG05060003812.1	ENST05060011934.1
TLYQLQAQR	UAP1L1	GCA_018506125.1	ENSP05250056247.1	ENSG05250031978.1	ENST05250123509.1
AQTDREDLRTLLR	HLA-B	GCA_018470435.1	"ENSP04955052679.1,ENSP04955052680.1"	ENSG04955031514.1	"ENST04955120106.1,ENST04955120117.1"
AEDTAVYFCAK		GCA_018505845.1	ENSP05235104406.1	ENSG05235059425.1	ENST05235233584.1
MVGVPASLDMMLTGR	HADHA	GCA_018470425.1	"ENSP04950064206.1,ENSP04950064204.1,ENSP04950064208.1,ENSP04950064219.1"	ENSG04950037151.1	"ENST04950143933.1,ENST04950143929.1,ENST04950143944.1,ENST04950143930.1"
TGQTILPSLNEVNHSYLSEK	SYNE1	GCA_018469405.1	"ENSP04875084347.1,ENSP04875084351.1"	ENSG04875047430.1	"ENST04875187911.1,ENST04875187919.1"
SIHTVLTF	ADH1B	GCA_018466845.1	"ENSP04840052857.1,ENSP04840052855.1,ENSP04840052853.1,ENSP04840052859.1"	ENSG04840030197.1	"ENST04840117730.1,ENST04840117724.1,ENST04840117721.1,ENST04840117728.1"
QEEIISILEEK	PRUNE2	GCA_018504085.1	"ENSP05185076534.1,ENSP05185076538.1,ENSP05185076537.1"	ENSG05185043147.1	"ENST05185169974.1,ENST05185169981.1,ENST05185169984.1"
VLASCLTPSGAEALQR	RDH5	GCA_018467155.1	"ENSP04865087332.1,ENSP04865087330.1,ENSP04865087331.1"	ENSG04865050058.1	"ENST04865195657.1,ENST04865195655.1,ENST04865195659.1"
VSCKASGGTFSSYVISWVR	IGHV1-69D	GCA_018852595.1	ENSP05305023568.1	ENSG05305015212.1	ENST05305055353.1
MAPCEFGVLNNLANVLSQHLNQK	HLA-DMB	GCA_018469685.1	ENSP04900002172.1	ENSG04900001794.1	ENST04900005451.1
VDSAGFGDSVVQYANSR	ITGAX	GCA_018471065.1	"ENSP04975058115.1,ENSP04975058114.1,ENSP04975058113.1"	ENSG04975034470.1	"ENST04975130300.1,ENST04975130297.1,ENST04975130298.1"
IASSYYPEGDGDSSHLLAK	DLG5	GCA_018506975.1	ENSP05280010026.1	ENSG05280006150.1	ENST05280021978.1
GVGAGGPEEGAPPATSAQR	TBC1D12	GCA_018466835.1	ENSP04835065873.1	ENSG04835037838.1	ENST04835147918.1
EPQVYTLTPSREEMTK	IGHG2	GCA_018504665.1	"ENSP05220032853.1,ENSP05220032854.1"	ENSG05220019009.1	"ENST05220073743.1,ENST05220073742.1"
LLEEALLCLLPAELPAK	PRKDC	GCA_018505845.1	"ENSP05235030453.1,ENSP05235030452.1"	ENSG05235017835.1	"ENST05235066960.1,ENST05235066968.1"
SGNGEGTPVEHVR	CYFIP1	GCA_018506165.1	"ENSP05260100012.1,ENSP05260100010.1,ENSP05260100011.1"	ENSG05260056347.1	"ENST05260222733.1,ENST05260222732.1,ENST05260222735.1"
VSQGISSYLNWYQQKPGK	IGKV1D-37	GCA_018469965.1	ENSP04945093262.1	ENSG04945052267.1	ENST04945207913.1
GFPEISFQPSSAVVVTWESMAPYQGPSRDPDQK	NID1	GCA_018472855.1	"ENSP05100049031.1,ENSP05100049032.1"	ENSG05100027468.1	"ENST05100109901.1,ENST05100109902.1"
CKYVSLIYTNYEVGKDDYVK	GSTP1	GCA_018472715.1	ENSP05070058155.1	ENSG05070034305.1	ENST05070129309.1
YIELFLNSTPGGGSGMGGSGMGAYGR	HNRNPH3	GCA_018472845.1	"ENSP05095017248.1,ENSP05095017249.1"	ENSG05095011211.1	"ENST05095038585.1,ENST05095038589.1"
IHEEAVQELR	MYH14	GCA_018471065.1	"ENSP04975017474.1,ENSP04975017470.1,ENSP04975017476.1,ENSP04975017469.1,ENSP04975017477.1,ENSP04975017475.1"	ENSG04975012359.1	"ENST04975041406.1,ENST04975041401.1,ENST04975041404.1,ENST04975041397.1,ENST04975041405.1,ENST04975041396.1"
IDPQTGWPFFVDHDSR	BAG3	GCA_018504055.1	ENSP05170017038.1	ENSG05170010391.1	ENST05170037217.1
IGLVTEGETCGNAEK	UROS	GCA_009914755.4	"ENSP05220003869.1,ENSP05220003870.1,ENSP05220003868.1,ENSP05220003878.1,ENSP05220003866.1,ENSP05220003871.1,ENSP05220003877.1,ENSP05220003879.1,ENSP05220003876.1,ENSP05220003880.1,ENSP05220003867.1,ENSP05220003874.1,ENSP05220003872.1"	ENSG05220002878.1	"ENST05220008494.1,ENST05220008498.1,ENST05220008501.1,ENST05220008490.1,ENST05220008502.1,ENST05220008504.1,ENST05220008500.1,ENST05220008493.1,ENST05220008495.1,ENST05220008492.1,ENST05220008489.1,ENST05220008491.1,ENST05220008505.1"
DLMTDPSWPQK	COL15A1	GCA_018506155.1	"ENSP05255022641.1,ENSP05255022640.1"	ENSG05255014062.1	"ENST05255052325.1,ENST05255052323.1"
TAMVATVSPAANNYDETLSTLR	KIF13B	GCA_018504655.1	"ENSP05215094954.1,ENSP05215094957.1"	ENSG05215053381.1	"ENST05215211437.1,ENST05215211440.1"
GKASGSFVVVQK	HP1BP3	GCA_018467005.1	"ENSP04855061261.1,ENSP04855061255.1,ENSP04855061258.1"	ENSG04855035189.1	"ENST04855136926.1,ENST04855136914.1,ENST04855136908.1"
SQDNVEAPSKK	COL12A1	GCA_018504645.1	"ENSP05210052495.1,ENSP05210052477.1,ENSP05210052484.1,ENSP05210052491.1,ENSP05210052502.1"	ENSG05210030355.1	"ENST05210117503.1,ENST05210117495.1,ENST05210117481.1,ENST05210117529.1,ENST05210117513.1"
EVGKDDYVK	GSTP1	GCA_018472715.1	"ENSP05070058161.1,ENSP05070058155.1"	ENSG05070034305.1	"ENST05070129319.1,ENST05070129309.1"
EKWLLDGISSGKQQEEMK	PALMD	GCA_018469675.1	"ENSP04895040054.1,ENSP04895040055.1"	ENSG04895024127.1	"ENST04895090120.1,ENST04895090122.1"
NSSRDSGRGDSVSNSGSDALR	PDCD4	GCA_018471515.1	"ENSP05005020312.1,ENSP05005020311.1,ENSP05005020313.1"	ENSG05005012576.1	"ENST05005045144.1,ENST05005045154.1,ENST05005045147.1"
QTEDSLASERNR	KTN1	GCA_018503245.1	"ENSP05125103061.1,ENSP05125103048.1,ENSP05125103050.1,ENSP05125103060.1,ENSP05125103047.1,ENSP05125103049.1,ENSP05125103051.1"	ENSG05125058001.1	"ENST05125229814.1,ENST05125229815.1,ENST05125229794.1,ENST05125229795.1,ENST05125229796.1,ENST05125229798.1,ENST05125229797.1"
GDVDVSLPKVEGDVK	AHNAK	GCA_018506945.1	ENSP05265015236.1	ENSG05265009722.1	ENST05265034533.1
ASDTAMYYCVR	IGHV5-51	GCA_018504665.1	ENSP05220083040.1	ENSG05220047227.1	ENST05220185859.1
AEQQQQQQQQQQQQQHQHQQQQQQQQQQQQQHLSR	ATXN1	GCA_018466985.1	"ENSP04850091208.1,ENSP04850091207.1"	ENSG04850051628.1	"ENST04850203035.1,ENST04850203034.1"
DTLMISRTPEVTCVVVDVSHQDPEVQFK	IGHG3	GCA_018506155.1	"ENSP05255016731.1,ENSP05255016732.1"	ENSG05255010702.1	"ENST05255039111.1,ENST05255039110.1"
LYTNGPLPDKLQQALLPVVDYEHCSR	CELA3B	GCA_018470465.1	"ENSP04970016062.1,ENSP04970016063.1"	ENSG04970009219.1	"ENST04970035527.1,ENST04970035525.1"
IGRPVHEFMLQPGDLLYFPR	RIOX2	GCA_018471105.1	"ENSP04995076851.1,ENSP04995076849.1,ENSP04995076848.1,ENSP04995076852.1,ENSP04995076847.1"	ENSG04995044292.1	"ENST04995171309.1,ENST04995171303.1,ENST04995171306.1,ENST04995171310.1,ENST04995171304.1"
MEAIPCVVGDEEVWTSDVQYQMSPFNHGHK	ALDH4A1	GCA_018506125.1	"ENSP05250103504.1,ENSP05250103502.1,ENSP05250103500.1,ENSP05250103501.1"	ENSG05250058259.1	"ENST05250230631.1,ENST05250230633.1,ENST05250230636.1,ENST05250230632.1"
ISAFFSSVWDTILTK	KIAA0040	GCA_018504075.1	"ENSP05180092723.1,ENSP05180092720.1,ENSP05180092721.1"	ENSG05180052836.1	"ENST05180208096.1,ENST05180208100.1,ENST05180208098.1"
ELLTDHRVPSLLLEAMK	RILP	GCA_018471085.1	"ENSP04985036948.1,ENSP04985036949.1"	ENSG04985022429.1	"ENST04985081639.1,ENST04985081636.1"
KSEDGTPAEDGTPAATGGSQPPSLGR	MYBBP1A	GCA_018472715.1	"ENSP05070077474.1,ENSP05070077472.1,ENSP05070077473.1"	ENSG05070044418.1	"ENST05070172362.1,ENST05070172359.1,ENST05070172361.1"
HIDCAAIYGSEPEIGEALKEDVGPGK	AKR1A1	GCA_018472765.1	"ENSP05080071633.1,ENSP05080071636.1,ENSP05080071634.1,ENSP05080071638.1,ENSP05080071635.1,ENSP05080071637.1"	ENSG05080041463.1	"ENST05080159535.1,ENST05080159540.1,ENST05080159534.1,ENST05080159538.1,ENST05080159539.1,ENST05080159533.1"
GEVYSCGWGADGQTGLGHYDITSSPTK	RCC1L	GCA_018504625.1	"ENSP05200032859.1,ENSP05200032862.1,ENSP05200032872.1"	ENSG05200020328.1	"ENST05200074947.1,ENST05200074967.1,ENST05200074951.1"
NDNIPEQDSLGLSNLQK		GCA_018469955.1	ENSP04940002418.1	ENSG04940001853.1	ENST04940005696.1
GEADDLKSEGSYFSLTSTEQSVK	NID2	GCA_018472865.1	ENSP05105029016.1	ENSG05105018446.1	ENST05105066809.1
MVSGAYRQEFGQSK	MMUT	GCA_018503245.1	ENSP05125012875.1	ENSG05125008067.1	ENST05125028184.1
GPSAAGGHPGPAASEPVLPPLPGPQR	PIDD1	GCA_018472685.1	"ENSP05055076227.1,ENSP05055076222.1,ENSP05055076223.1"	ENSG05055043665.1	"ENST05055169876.1,ENST05055169869.1,ENST05055169870.1"
AEDMALYYCAK	IGHV3-64D	GCA_018506155.1	ENSP05255016763.1	ENSG05255010717.1	ENST05255039159.1
TEEELKELQAEQQSQEVAGR	CGN	GCA_018506945.1	ENSP05265060792.1	ENSG05265034146.1	ENST05265135294.1
QAELVPATVNDYK	UTP20	GCA_018471095.1	ENSP04990042194.1	ENSG04990025780.1	ENST04990095367.1
VLGFPLCVSLNISPGFR	SBF2	GCA_018472605.1	"ENSP05050069033.1,ENSP05050069034.1,ENSP05050069032.1"	ENSG05050040163.1	"ENST05050155232.1,ENST05050155231.1,ENST05050155233.1"
TPEVTCVVVDVSHQDPEVQFK	IGHG3	GCA_018506155.1	"ENSP05255016731.1,ENSP05255016732.1"	ENSG05255010702.1	"ENST05255039111.1,ENST05255039110.1"
YLCGAHSDGQLQEGSPIQAWQLFINEESTIPR	PIGR	GCA_018469405.1	ENSP04875063638.1	ENSG04875036624.1	ENST04875142069.1
LMKYCQHGVK	ALDH1L1	GCA_018506965.1	"ENSP05275085370.1,ENSP05275085371.1,ENSP05275085369.1,ENSP05275085367.1"	ENSG05275048826.1	"ENST05275190481.1,ENST05275190478.1,ENST05275190469.1,ENST05275190472.1"
DLSMIVLLPNEINGLQK	SERPINB3	GCA_018852595.1	ENSP05305008930.1	ENSG05305006283.1	ENST05305020725.1
NTLYLQMHSLRTEDTAVYYCAR	IGHV3-30	GCA_018470435.1	ENSP04955100652.1	ENSG04955059151.1	ENST04955227661.1
LCFTVQGFPMPMVQWYK	MYOM2	GCA_018505825.1	ENSP05225044815.1	ENSG05225026827.1	ENST05225100983.1
SPEAPQPVLAMEEPAVPAPLPK	HCLS1	GCA_018469875.1	"ENSP04920088997.1,ENSP04920088998.1"	ENSG04920050626.1	"ENST04920198366.1,ENST04920198364.1"
SHTGERPYECEECGK	ZNF267	GCA_018506125.1	ENSP05250075575.1	ENSG05250043383.1	ENST05250167880.1
VLIYGASSLQSGVPSR		GCA_018470465.1	ENSP04970104525.1	ENSG04970061355.1	ENST04970235207.1
QSVQAGELLFVVPR	SETD6	GCA_018503575.1	"ENSP05155086091.1,ENSP05155086092.1,ENSP05155086095.1,ENSP05155086096.1,ENSP05155086093.1"	ENSG05155048940.1	"ENST05155191920.1,ENST05155191921.1,ENST05155191929.1,ENST05155191922.1,ENST05155191926.1"
AAPTQVLSMTAQPGPGHGK	PIP5K1C	GCA_018469865.1	"ENSP04915023166.1,ENSP04915023159.1,ENSP04915023165.1,ENSP04915023164.1,ENSP04915023163.1,ENSP04915023161.1"	ENSG04915013828.1	"ENST04915051041.1,ENST04915051042.1,ENST04915051038.1,ENST04915051043.1,ENST04915051034.1,ENST04915051040.1"
AEVQKLQALANEQAAAAHQLEK	KTN1	GCA_018466835.1	"ENSP04835073968.1,ENSP04835073990.1,ENSP04835073970.1,ENSP04835073973.1,ENSP04835073965.1,ENSP04835073962.1,ENSP04835073991.1"	ENSG04835042586.1	"ENST04835166371.1,ENST04835166386.1,ENST04835166378.1,ENST04835166420.1,ENST04835166416.1,ENST04835166382.1,ENST04835166375.1"
NSLYLQMNSLRTEDTTLYYCAK	IGHV3-43	GCA_018469705.1	ENSP04910000616.1	ENSG04910000366.1	ENST04910001070.1
NTLYHQMNSLRAEDTAVYYCAR		GCA_018473315.1	ENSP05120104188.1	ENSG05120058699.1	ENST05120232538.1
KLCAGPACNEVER	CPAMD8	GCA_018471065.1	"ENSP04975036696.1,ENSP04975036698.1,ENSP04975036695.1"	ENSG04975022622.1	"ENST04975082758.1,ENST04975082746.1,ENST04975082745.1"
FAVTNQIGPVKEDSDPTLVNPCYDGSHMCDTTAR	NID2	GCA_018504065.1	"ENSP05175008087.1,ENSP05175008089.1,ENSP05175008088.1"	ENSG05175005434.1	"ENST05175018183.1,ENST05175018186.1,ENST05175018190.1"
HIDCAAIYGSEPEIGEALKEDVGPGKAVPR	AKR1A1	GCA_018472765.1	"ENSP05080071633.1,ENSP05080071636.1,ENSP05080071634.1,ENSP05080071638.1,ENSP05080071635.1,ENSP05080071637.1"	ENSG05080041463.1	"ENST05080159535.1,ENST05080159540.1,ENST05080159534.1,ENST05080159538.1,ENST05080159539.1,ENST05080159533.1"
VTITCRVSQGISSYLNWYQQKPGK	IGKV1D-37	GCA_018469965.1	ENSP04945093262.1	ENSG04945052267.1	ENST04945207913.1
QAGKLEQALR	CCDC157	GCA_018471105.1	"ENSP04995015091.1,ENSP04995015092.1"	ENSG04995009904.1	"ENST04995034261.1,ENST04995034260.1"
ECEPPSAGAAVSAR	LNPK	GCA_018472685.1	"ENSP05055014877.1,ENSP05055014878.1,ENSP05055014881.1"	ENSG05055010226.1	"ENST05055034066.1,ENST05055034074.1,ENST05055034065.1"
CMANKVMEDPGQGSSMAR	C10orf71	GCA_018505865.1	ENSP05245000899.1	ENSG05245000942.1	ENST05245002425.1
SLDFNTLVDNLSVDPETGDLWVGCHPNGMK	PON1	GCA_018506965.1	ENSP05275092993.1	ENSG05275052824.1	ENST05275207414.1
EYFGLQHDDNSVDSPR	PTPN3	GCA_018473315.1	"ENSP05120039790.1,ENSP05120039793.1"	ENSG05120024627.1	"ENST05120090183.1,ENST05120090179.1"
HARPPDSPASAPPDSSSNSASQDTK	TRIP10	GCA_018473295.1	"ENSP05110070055.1,ENSP05110070054.1,ENSP05110070057.1,ENSP05110070053.1"	ENSG05110040883.1	"ENST05110157197.1,ENST05110157201.1,ENST05110157195.1,ENST05110157198.1"
SRPPGCYTCADCGLNLK	PDLIM2	GCA_018472725.1	ENSP05075046084.1	ENSG05075028092.1	ENST05075105102.1
QYDQFGNDKSQAAR	DNAJB12	GCA_018852595.1	"ENSP05305006791.1,ENSP05305006783.1,ENSP05305006784.1,ENSP05305006787.1"	ENSG05305004859.1	"ENST05305015910.1,ENST05305015906.1,ENST05305015914.1,ENST05305015926.1"
MGFTNVGPNNQPVSFQEIFEAKR	SEPTIN14	GCA_018467015.1	ENSP04860053309.1	ENSG04860030750.1	ENST04860118709.1
DYLMSTHFWGPVANWGIPIAAINDMKK	MPC1	GCA_018506975.1	ENSP05280003740.1	ENSG05280002710.1	ENST05280008614.1
LGQTPFDVADEGLVEHLQLLQK	PPP1R12B	GCA_018469675.1	"ENSP04895068665.1,ENSP04895068663.1,ENSP04895068660.1,ENSP04895068668.1,ENSP04895068658.1"	ENSG04895039705.1	"ENST04895154247.1,ENST04895154249.1,ENST04895154257.1,ENST04895154252.1,ENST04895154254.1"
VREVSQPDWMPPPEVTLVLTK	PDIA4	GCA_018469415.1	"ENSP04880091469.1,ENSP04880091468.1"	ENSG04880051579.1	"ENST04880204089.1,ENST04880204090.1"
AHQTGQTVTGSGTQTQAGATQTVEQDSSHQTGR	CRNN	GCA_018473305.1	ENSP05115061286.1	ENSG05115037003.1	ENST05115139698.1
ANFLNSNDVFVIK	VIL1	GCA_018471065.1	"ENSP04975047713.1,ENSP04975047715.1,ENSP04975047710.1"	ENSG04975028904.1	"ENST04975107601.1,ENST04975107598.1,ENST04975107603.1"
EGWECVFCGDECTGLLLSDLAR	LAMA2	GCA_018469685.1	"ENSP04900043790.1,ENSP04900043795.1,ENSP04900043784.1"	ENSG04900025108.1	"ENST04900098674.1,ENST04900098663.1,ENST04900098640.1"
TVLEINTPKVEQVPIVDIMFNDFGEASQK	COL5A1	GCA_018504365.1	"ENSP05190098644.1,ENSP05190098642.1"	ENSG05190055545.1	"ENST05190219493.1,ENST05190219486.1"
VPEPDYTKVPEPGSIKVPDQGFIK	SPRR3	GCA_018469685.1	"ENSP04900080273.1,ENSP04900080274.1,ENSP04900080275.1"	ENSG04900045442.1	"ENST04900179039.1,ENST04900179040.1,ENST04900179038.1"
LQDEELDPEFVQK	GBP1	GCA_018471105.1	"ENSP04995088788.1,ENSP04995088787.1"	ENSG04995050531.1	"ENST04995198341.1,ENST04995198336.1"
GNEIVLSAGSTLR	DYNC1H1	GCA_018472605.1	"ENSP05050026504.1,ENSP05050026498.1,ENSP05050026502.1,ENSP05050026509.1,ENSP05050026493.1,ENSP05050026497.1,ENSP05050026507.1,ENSP05050026510.1,ENSP05050026506.1,ENSP05050026492.1,ENSP05050026500.1,ENSP05050026496.1,ENSP05050026491.1"	ENSG05050016159.1	"ENST05050058935.1,ENST05050058943.1,ENST05050058948.1,ENST05050058936.1,ENST05050058945.1,ENST05050058939.1,ENST05050058931.1,ENST05050058946.1,ENST05050058930.1,ENST05050058949.1,ENST05050058941.1,ENST05050058932.1,ENST05050058937.1"
VDSDSSKPPETLTNPPGVCQEK	PRRC2C	GCA_018466835.1	"ENSP04835035781.1,ENSP04835035791.1,ENSP04835035786.1,ENSP04835035790.1,ENSP04835035787.1"	ENSG04835021086.1	"ENST04835080169.1,ENST04835080181.1,ENST04835080159.1,ENST04835080188.1,ENST04835080173.1"
TVYFAEEVQCEGDSFHK	CSRP1	GCA_018505825.1	"ENSP05225061347.1,ENSP05225061345.1,ENSP05225061343.1,ENSP05225061350.1,ENSP05225061344.1"	ENSG05225036258.1	"ENST05225138088.1,ENST05225138099.1,ENST05225138085.1,ENST05225138086.1,ENST05225138081.1"
LGELTMTDATPDSLSLSWMVPEGQFDHFLVQYRNGDGQPK	TNXB	GCA_018472585.1	"ENSP05040017796.1,ENSP05040017797.1,ENSP05040017798.1,ENSP05040017803.1"	ENSG05040011885.1	"ENST05040041831.1,ENST05040041832.1,ENST05040041833.1,ENST05040041841.1"
DASTLQSQKAEGTGNAK	HMGN4	GCA_018504665.1	ENSP05220082682.1	ENSG05220047036.1	ENST05220185143.1
VHDRSEEEEEEEEEQPR	DCAF8	GCA_018471105.1	"ENSP04995083790.1,ENSP04995083785.1,ENSP04995083787.1,ENSP04995083792.1,ENSP04995083793.1,ENSP04995083795.1,ENSP04995083794.1,ENSP04995083786.1"	ENSG04995048183.1	"ENST04995187071.1,ENST04995187072.1,ENST04995187061.1,ENST04995187059.1,ENST04995187060.1,ENST04995187065.1,ENST04995187073.1,ENST04995187070.1"
LTSALDQLLQATR	PTX3	GCA_018504375.1	ENSP05195083317.1	ENSG05195046937.1	ENST05195185318.1
TLINESLNFK	LRRK2	GCA_018472575.1	"ENSP05035049346.1,ENSP05035049342.1,ENSP05035049349.1,ENSP05035049345.1,ENSP05035049350.1,ENSP05035049340.1,ENSP05035049347.1,ENSP05035049348.1"	ENSG05035030262.1	"ENST05035112955.1,ENST05035112962.1,ENST05035112966.1,ENST05035112963.1,ENST05035112965.1,ENST05035112957.1,ENST05035112967.1,ENST05035112964.1"
LYVELHRGQELGGGQDPVQLLSGFPR	UBXN1	GCA_018505835.1	"ENSP05230004036.1,ENSP05230004039.1,ENSP05230004034.1,ENSP05230004028.1,ENSP05230004032.1"	ENSG05230003626.1	"ENST05230010600.1,ENST05230010606.1,ENST05230010609.1,ENST05230010617.1,ENST05230010613.1"
NTLYLQMHSLR	IGHV3-30	GCA_018470435.1	ENSP04955100652.1	ENSG04955059151.1	ENST04955227661.1
AVLTINEKGTEAAGAMFLEAIPMSIPPEVK	SERPINA1	GCA_018470465.1	"ENSP04970081411.1,ENSP04970081396.1,ENSP04970081413.1,ENSP04970081402.1,ENSP04970081409.1,ENSP04970081399.1,ENSP04970081397.1,ENSP04970081407.1,ENSP04970081401.1"	ENSG04970046900.1	"ENST04970182932.1,ENST04970182916.1,ENST04970182915.1,ENST04970182934.1,ENST04970182920.1,ENST04970182926.1,ENST04970182921.1,ENST04970182928.1,ENST04970182918.1"
MSIYQAMWKGMLQPGTALVLLEAQAATGFVIDPVR	EPPK1	GCA_018473295.1	"ENSP05110045362.1,ENSP05110045361.1"	ENSG05110027684.1	"ENST05110102764.1,ENST05110102765.1"
KPGRLPDTALPTLQNGAAVTDLAWDPFNPHR	CORO7	GCA_018504665.1	"ENSP05220054092.1,ENSP05220054090.1,ENSP05220054093.1"	ENSG05220030126.1	"ENST05220120062.1,ENST05220120060.1,ENST05220120063.1"
ESGPVLVKPTETLTLTCTISGFSLSNAR		GCA_018467165.1	ENSP04870042263.1	ENSG04870024028.1	ENST04870003422.1
DLHQEAETYR	GOLGA4	GCA_018467165.1	"ENSP04870067105.1,ENSP04870067099.1,ENSP04870067101.1,ENSP04870067103.1"	ENSG04870037891.1	"ENST04870148564.1,ENST04870148559.1,ENST04870148561.1,ENST04870148556.1"
STSDCGGPKDHPLTCDHPQLSGLFL	LHB	GCA_018473315.1	ENSP05120005754.1	ENSG05120004089.1	ENST05120013511.1
VVNVEIVEEPVSYVSGEKLEEFSVPFK	SYNM	GCA_018469685.1	"ENSP04900060135.1,ENSP04900060138.1,ENSP04900060136.1"	ENSG04900033949.1	"ENST04900134571.1,ENST04900134572.1,ENST04900134574.1"
EMLNSVMQELENYSEGGPLYK	RGPD3	GCA_018503245.1	"ENSP05125020986.1,ENSP05125020985.1"	ENSG05125012900.1	"ENST05125046036.1,ENST05125046035.1"
EAGAQEPLVDGCSGGGR	ERMP1	GCA_009914755.4	"ENSP05220067505.1,ENSP05220067503.1,ENSP05220067504.1"	ENSG05220039490.1	"ENST05220151281.1,ENST05220151284.1,ENST05220151283.1"
EEEEDDDDDDDDVSTEYGHQAHR	HRC	GCA_018503285.1	"ENSP05145016141.1,ENSP05145016139.1"	ENSG05145010448.1	"ENST05145036336.1,ENST05145036341.1"
GMDDDWGPR	EIF3A	GCA_018471345.1	"ENSP05000026104.1,ENSP05000026103.1"	ENSG05000017589.1	"ENST05000061386.1,ENST05000061384.1"
VETGILRPGMGVTFAPVNITTEVK	EEF1A2	GCA_018504625.1	ENSP05200001326.1	ENSG05200000966.1	ENST05200002657.1
SAVDEDRKMYIQAAIVR	CUL2	GCA_018471515.1	"ENSP05005097789.1,ENSP05005097794.1,ENSP05005097792.1,ENSP05005097793.1,ENSP05005097790.1,ENSP05005097788.1"	ENSG05005054973.1	"ENST05005218046.1,ENST05005218052.1,ENST05005218045.1,ENST05005218049.1,ENST05005218048.1,ENST05005218044.1"
FGGGSDAGSKGPMVSAQESQAQAILQQAR	COL5A1	GCA_018504665.1	"ENSP05220033232.1,ENSP05220033230.1"	ENSG05220019140.1	"ENST05220074382.1,ENST05220074375.1"
YKSDSDNQQGSGVPSR		GCA_018503575.1	ENSP05155104353.1	ENSG05155059998.1	ENST05155233973.1
LQNSEPSAPLAGLEK	SALL1	GCA_018472685.1	"ENSP05055060053.1,ENSP05055060050.1"	ENSG05055035507.1	"ENST05055134737.1,ENST05055134733.1"
SAVQGPPDRDLCGCYSVSSVLSGCAEPWNHGK	IGHA2	GCA_018472725.1	"ENSP05075104320.1,ENSP05075104318.1"	"ENSG05075060768.1,ENSG05075060873.1"	"ENST05075234734.1,ENST05075234629.1"
ALREAPLGLR	GRIN2C	GCA_018472845.1	ENSP05095085543.1	ENSG05095048602.1	ENST05095190700.1
HEAFESDLAAHQDRVEQIAAIAQELNELDYHNAVNVNDR	ACTN2	GCA_018504055.1	"ENSP05170069167.1,ENSP05170069149.1,ENSP05170069140.1,ENSP05170069139.1,ENSP05170069178.1"	ENSG05170040033.1	"ENST05170154504.1,ENST05170154562.1,ENST05170154487.1,ENST05170154482.1,ENST05170154535.1"
GKDLSMIVLLPNEINGLQKLEEK	SERPINB3	GCA_018852595.1	ENSP05305008930.1	ENSG05305006283.1	ENST05305020725.1
ILQNLLILTAIK	CLTCL1	GCA_018504645.1	"ENSP05210050312.1,ENSP05210050308.1,ENSP05210050309.1"	ENSG05210029322.1	"ENST05210112957.1,ENST05210112956.1,ENST05210112962.1"
NQVVLTMTNMDPVDTGTYYCAR	IGHV2-70	GCA_018852585.1	ENSP05300096731.1	ENSG05300054626.1	ENST05300215811.1
SSQSLLHSNGYNYLNWYLQK	IGKV2D-28	GCA_018470425.1	ENSP04950101021.1	ENSG04950057711.1	ENST04950227406.1
ISTEVDITNVDLSTVDKDQSIAPK	RPN2	GCA_018505835.1	"ENSP05230089276.1,ENSP05230089273.1"	ENSG05230050560.1	"ENST05230200432.1,ENST05230200435.1"
LGGPGNSFHTPPR	IDUA	GCA_018470445.1	"ENSP04960055947.1,ENSP04960055948.1,ENSP04960055949.1"	ENSG04960030907.1	"ENST04960123613.1,ENST04960123611.1,ENST04960123610.1"
DSMFQNLLIVK	CFAP77	GCA_018472595.1	"ENSP05045033876.1,ENSP05045033877.1,ENSP05045033878.1"	ENSG05045020766.1	"ENST05045076659.1,ENST05045076660.1,ENST05045076658.1"
VCLVGCGFSTGYGSAVNVAK	ADH1A	GCA_018470435.1	ENSP04955021261.1	ENSG04955013988.1	ENST04955049648.1
ASQSISGYLNWYQQRPGKAPK	IGKV1D-39	GCA_018467015.1	ENSP04860104253.1	ENSG04860059461.1	ENST04860233502.1
AAAAPAPPAGPR	PLK3	GCA_018505865.1	ENSP05245091521.1	ENSG05245051837.1	ENST05245204422.1
ALGFEAAESSLSK	BPIFB1	GCA_018467155.1	ENSP04865001118.1	ENSG04865001079.1	ENST04865002493.1
WLKDEELSPREPVLPPQK	NDUFB6	GCA_018471065.1	"ENSP04975036431.1,ENSP04975036433.1,ENSP04975036432.1"	ENSG04975022524.1	"ENST04975082286.1,ENST04975082285.1,ENST04975082284.1"
FQEALQTIFNR	MYO1D	GCA_018473305.1	"ENSP05115026536.1,ENSP05115026535.1,ENSP05115026534.1"	ENSG05115016898.1	"ENST05115060856.1,ENST05115060855.1,ENST05115060859.1"
WQQNVFSCSVMHEALHNHYTQK	IGHG1	GCA_018471075.1	"ENSP04980038702.1,ENSP04980038703.1,ENSP04980038704.1"	ENSG04980023574.1	"ENST04980088671.1,ENST04980088670.1,ENST04980088669.1"
LLEEALLCLLPAELPAKR	PRKDC	GCA_018505845.1	"ENSP05235030453.1,ENSP05235030452.1"	ENSG05235017835.1	"ENST05235066960.1,ENST05235066968.1"
LCFKENAEQGEVNMESHR	CD99	GCA_018473295.1	"ENSP05110009478.1,ENSP05110009476.1"	ENSG05110006720.1	"ENST05110021804.1,ENST05110021808.1"
ENEQGEVDVESHR	CD99	GCA_018469925.1	ENSP04925049044.1	ENSG04925028928.1	ENST04925109127.1
IDWDDEKYYSTSLK	IGHV2-70	GCA_018469705.1	ENSP04910001982.1	ENSG04910001651.1	ENST04910004200.1
DNSQNTVFLQMNSLR	IGHV3-23	GCA_018469425.1	ENSP04885104717.1	ENSG04885061154.1	ENST04885235372.1
GLEWIGSIHYR	IGHV4-39	GCA_018505825.1	ENSP05225104397.1	ENSG05225061086.1	ENST05225235108.1
MSGYPIPK	TTN	GCA_018504075.1	"ENSP05180035417.1,ENSP05180035404.1,ENSP05180035392.1,ENSP05180035400.1,ENSP05180035407.1,ENSP05180035401.1,ENSP05180035389.1"	ENSG05180021034.1	"ENST05180078116.1,ENST05180078150.1,ENST05180078136.1,ENST05180078105.1,ENST05180078132.1,ENST05180078124.1,ENST05180078102.1"
QWMQNPNNNPIHPNLR	ANPEP	GCA_018472835.1	"ENSP05090061181.1,ENSP05090061179.1,ENSP05090061180.1,ENSP05090061182.1"	ENSG05090035141.1	"ENST05090136519.1,ENST05090136521.1,ENST05090136522.1,ENST05090136520.1"
NLHMAEAPANLEQPTSSFHVGTCFANAQRGTYFDGTGFAK	LAMA2	GCA_018506155.1	"ENSP05255022114.1,ENSP05255022115.1,ENSP05255022112.1"	ENSG05255013692.1	"ENST05255051092.1,ENST05255051091.1,ENST05255051086.1"
HMMAFIEQEANEKAEEINAK	ATP6V1E2	GCA_018469955.1	"ENSP04940023194.1,ENSP04940023196.1"	ENSG04940013182.1	"ENST04940050942.1,ENST04940050937.1"
CPETLFQPCFLGMESCGIHETTFNSIMK	POTEI	GCA_018472835.1	ENSP05090028576.1	ENSG05090017428.1	ENST05090065366.1
KPVPPSPENLSVICFTSGTTGDPK	ACSL5	GCA_018503285.1	"ENSP05145005018.1,ENSP05145005019.1,ENSP05145005016.1,ENSP05145005017.1"	ENSG05145003463.1	"ENST05145011465.1,ENST05145011463.1,ENST05145011466.1,ENST05145011464.1"
NLHMAEAPANLEQPTSSFHVGTCFANAQR	LAMA2	GCA_018506155.1	"ENSP05255022114.1,ENSP05255022115.1,ENSP05255022112.1"	ENSG05255013692.1	"ENST05255051092.1,ENST05255051091.1,ENST05255051086.1"
GYHQDAYDGK	HLA-B	GCA_018470435.1	"ENSP04955052679.1,ENSP04955052680.1"	ENSG04955031514.1	"ENST04955120106.1,ENST04955120117.1"
SPDATLSPATTTSSGVSK	MUC12	GCA_018472765.1	"ENSP05080062120.1,ENSP05080062119.1"	ENSG05080036114.1	"ENST05080138173.1,ENST05080138172.1"
LKLTIVDTVGFGDQLNK	SEPTIN11	GCA_018467155.1	"ENSP04865020164.1,ENSP04865020163.1,ENSP04865020156.1,ENSP04865020161.1,ENSP04865020157.1,ENSP04865020159.1,ENSP04865020158.1"	ENSG04865012865.1	"ENST04865044893.1,ENST04865044890.1,ENST04865044895.1,ENST04865044897.1,ENST04865044888.1,ENST04865044887.1,ENST04865044889.1"
LYAESYERNPSGHDQEPQAVLSPLIAIALK	PGM5	GCA_018504055.1	ENSP05170053852.1	ENSG05170030684.1	ENST05170117949.1
ETLQLIDSTTSYGLTGAVFSQDKDVVQEATK	ALDH4A1	GCA_018471085.1	"ENSP04985094215.1,ENSP04985094212.1,ENSP04985094213.1,ENSP04985094211.1"	ENSG04985053330.1	"ENST04985209626.1,ENST04985209623.1,ENST04985209621.1,ENST04985209622.1"
EGQGEGETQEAAAAAAAR	EPPK1	GCA_018505825.1	"ENSP05225029360.1,ENSP05225029361.1"	ENSG05225018147.1	"ENST05225065841.1,ENST05225065844.1"
LLIFGASTR		GCA_018466855.1	ENSP04845104530.1	ENSG04845060772.1	ENST04845235076.1
RVFQGLEIELQSQLSMK	KRT16	GCA_018471525.1	"ENSP05010089873.1,ENSP05010089872.1"	ENSG05010051310.1	"ENST05010200509.1,ENST05010200510.1"
YNTEEFITVYPTDPPKNWPVVTLIAEDDR	OTULIN	GCA_018473315.1	"ENSP05120066055.1,ENSP05120066057.1"	ENSG05120038226.1	"ENST05120147564.1,ENST05120147562.1"
AFLADPSAFVAAATTAAPAAAAAPAKVEAK	RPLP0	GCA_018470455.1	"ENSP04965098580.1,ENSP04965098581.1,ENSP04965098583.1,ENSP04965098601.1,ENSP04965098579.1,ENSP04965098598.1"	ENSG04965055537.1	"ENST04965220348.1,ENST04965220388.1,ENST04965220350.1,ENST04965220349.1,ENST04965220392.1,ENST04965220352.1"
PRPESSQEPAALPK	BSN	GCA_018469405.1	ENSP04875069706.1	ENSG04875039781.1	ENST04875155554.1
FSKEHEEMNAK	FILIP1	GCA_018503525.1	"ENSP05150009581.1,ENSP05150009580.1,ENSP05150009579.1"	ENSG05150006979.1	"ENST05150022281.1,ENST05150022283.1,ENST05150022280.1"
MSGDNPSQLTK	CLIP1	GCA_009914755.4	"ENSP05220069161.1,ENSP05220069150.1,ENSP05220069154.1,ENSP05220069156.1,ENSP05220069175.1,ENSP05220069169.1,ENSP05220069164.1,ENSP05220069158.1"	ENSG05220040322.1	"ENST05220154933.1,ENST05220154943.1,ENST05220154939.1,ENST05220154946.1,ENST05220154970.1,ENST05220154959.1,ENST05220154950.1,ENST05220154926.1"
ERDPVPKPSVLFLHPDLGVGGAER	ALG2	GCA_018472765.1	"ENSP05080037758.1,ENSP05080037757.1"	ENSG05080022631.1	"ENST05080085001.1,ENST05080085000.1"
ASQGISNFLAWYQQKPGK	IGKV1-27	GCA_018506945.1	ENSP05265101141.1	ENSG05265059391.1	ENST05265229301.1
DQQKQQMFENKLIK	SLK	GCA_018472595.1	"ENSP05045013426.1,ENSP05045013425.1"	ENSG05045009282.1	"ENST05045031407.1,ENST05045031406.1"
ENPDSFLNHVLALTAQSPNIEHLNEVSLK	SYNE2	GCA_018506155.1	"ENSP05255022538.1,ENSP05255022512.1,ENSP05255022537.1,ENSP05255022510.1,ENSP05255022509.1"	ENSG05255013994.1	"ENST05255052116.1,ENST05255052081.1,ENST05255052079.1,ENST05255052074.1,ENST05255052118.1"
MVSGAYRQEFGQSKEITSAIK	MMUT	GCA_018503245.1	ENSP05125012875.1	ENSG05125008067.1	ENST05125028184.1
LQEAGILSAEELQQLAQGHTTVDELAR	PLEC	GCA_018504625.1	"ENSP05200014159.1,ENSP05200014156.1,ENSP05200014172.1,ENSP05200014166.1,ENSP05200014170.1,ENSP05200014150.1,ENSP05200014160.1,ENSP05200014158.1,ENSP05200014168.1,ENSP05200014163.1"	ENSG05200009659.1	"ENST05200031869.1,ENST05200031884.1,ENST05200031893.1,ENST05200031872.1,ENST05200031863.1,ENST05200031889.1,ENST05200031878.1,ENST05200031886.1,ENST05200031874.1,ENST05200031881.1"
AENFTPVFMAPPVHYPR	GRHL2	GCA_018466845.1	"ENSP04840068653.1,ENSP04840068651.1"	ENSG04840038680.1	"ENST04840153438.1,ENST04840153442.1"
KNVSIEFPVIDR	LRRK2	GCA_018467165.1	"ENSP04870014884.1,ENSP04870014882.1,ENSP04870014876.1,ENSP04870014878.1,ENSP04870014881.1,ENSP04870014885.1"	ENSG04870009292.1	"ENST04870034166.1,ENST04870034165.1,ENST04870034158.1,ENST04870034169.1,ENST04870034160.1,ENST04870034168.1"
STEGMDIVMDNLK	WDFY4	GCA_018469685.1	ENSP04900066274.1	ENSG04900037340.1	ENST04900147876.1
VTLSALDTSESSFTPLVVIELAQDVKEQTK	ANO10	GCA_018503245.1	"ENSP05125077478.1,ENSP05125077479.1,ENSP05125077477.1,ENSP05125077470.1,ENSP05125077480.1,ENSP05125077468.1,ENSP05125077475.1,ENSP05125077474.1,ENSP05125077476.1,ENSP05125077471.1,ENSP05125077467.1,ENSP05125077469.1,ENSP05125077473.1"	ENSG05125043483.1	"ENST05125171718.1,ENST05125171716.1,ENST05125171722.1,ENST05125171721.1,ENST05125171727.1,ENST05125171724.1,ENST05125171728.1,ENST05125171723.1,ENST05125171725.1,ENST05125171719.1,ENST05125171717.1,ENST05125171726.1,ENST05125171715.1"
DIVDSFIRGSVLEAR	DNAH10	GCA_018504645.1	"ENSP05210025748.1,ENSP05210025759.1,ENSP05210025751.1,ENSP05210025756.1"	ENSG05210015430.1	"ENST05210058120.1,ENST05210058145.1,ENST05210058133.1,ENST05210058124.1"
LLPWSPEHIDTR	PNLIPRP2	GCA_018471105.1	"ENSP04995021967.1,ENSP04995021965.1,ENSP04995021966.1"	ENSG04995014056.1	"ENST04995049823.1,ENST04995049827.1,ENST04995049826.1"
VSEGKNVLLLVHNLPQNLAGYIWYK	PSG4	GCA_018469955.1	"ENSP04940063031.1,ENSP04940063040.1,ENSP04940063045.1,ENSP04940063033.1,ENSP04940063047.1"	ENSG04940035655.1	"ENST04940140572.1,ENST04940140599.1,ENST04940140567.1,ENST04940140608.1,ENST04940140588.1"
VLLTCWDPEENKMAPCEFGVLNNLANVLSQHLNQK	HLA-DMB	GCA_018469685.1	ENSP04900002172.1	ENSG04900001794.1	ENST04900005451.1
CAGEIAMQADNHK	PCSK1	GCA_018466845.1	"ENSP04840033231.1,ENSP04840033229.1"	ENSG04840019173.1	"ENST04840073884.1,ENST04840073876.1"
DSAAAVVVYDITDVNSFQQTTK	RAB6C	GCA_018470435.1	ENSP04955001913.1	ENSG04955001958.1	ENST04955005017.1
NQQEIPSYLNNEPPEGSMK	TMEM263	GCA_018472845.1	"ENSP05095058236.1,ENSP05095058231.1,ENSP05095058235.1,ENSP05095058230.1,ENSP05095058232.1,ENSP05095058234.1"	ENSG05095034480.1	"ENST05095130300.1,ENST05095130301.1,ENST05095130304.1,ENST05095130299.1,ENST05095130305.1,ENST05095130303.1"
YGDNNHSQGINWFHWK	TNC	GCA_018470465.1	"ENSP04970061588.1,ENSP04970061583.1,ENSP04970061599.1,ENSP04970061595.1,ENSP04970061623.1,ENSP04970061579.1"	ENSG04970035348.1	"ENST04970136604.1,ENST04970136592.1,ENST04970136585.1,ENST04970136616.1,ENST04970136631.1,ENST04970136700.1"
KNGAVWCICNENYAGPNCER	LAMA4	GCA_018472715.1	"ENSP05070009615.1,ENSP05070009611.1,ENSP05070009610.1,ENSP05070009612.1,ENSP05070009619.1"	ENSG05070007028.1	"ENST05070022413.1,ENST05070022410.1,ENST05070022409.1,ENST05070022421.1,ENST05070022408.1"
NAYEECLEHLETFK	MYH7	GCA_018469865.1	ENSP04915047245.1	ENSG04915026600.1	ENST04915102947.1
GSGLRGPLSRFYSGSPTSYFTSGLQAGLK	RAVER1	GCA_018473315.1	ENSP05120058051.1	ENSG05120033817.1	ENST05120129972.1
LVVQQAGQADAGEYSCK	OBSCN	GCA_018472855.1	"ENSP05100064454.1,ENSP05100064453.1,ENSP05100064456.1,ENSP05100064455.1,ENSP05100064452.1,ENSP05100064457.1,ENSP05100064458.1"	ENSG05100035497.1	"ENST05100144142.1,ENST05100144145.1,ENST05100144143.1,ENST05100144144.1,ENST05100144141.1,ENST05100144147.1,ENST05100144146.1"
ENINVEEMFNCITELVLR	RAB35	GCA_018504085.1	"ENSP05185044816.1,ENSP05185044811.1"	ENSG05185026333.1	"ENST05185099863.1,ENST05185099868.1"
LQPNLTDEEVLLLSMR	DNAH2	GCA_018471085.1	"ENSP04985070700.1,ENSP04985070702.1"	ENSG04985040799.1	"ENST04985156691.1,ENST04985156689.1"
KPIEEKPSQPYSAR	FAT1	GCA_018852595.1	"ENSP05305066758.1,ENSP05305066762.1,ENSP05305066773.1,ENSP05305066766.1,ENSP05305066763.1"	ENSG05305037830.1	"ENST05305148856.1,ENST05305148876.1,ENST05305148838.1,ENST05305148852.1,ENST05305148849.1"
DDVSSFVDPALALQDAQNLYAAGEK	ANXA8	GCA_018505845.1	"ENSP05235084595.1,ENSP05235084592.1,ENSP05235084594.1,ENSP05235084591.1"	ENSG05235047794.1	"ENST05235187973.1,ENST05235187969.1,ENST05235187972.1,ENST05235187968.1"
IIDTAGLSEAVGLIMCR	TRIM32	GCA_018469665.1	"ENSP04890070696.1,ENSP04890070698.1,ENSP04890070700.1"	ENSG04890039654.1	"ENST04890154767.1,ENST04890154761.1,ENST04890154764.1"
VGAIEEFTFLPLTESR	TMCO4	GCA_018469665.1	"ENSP04890089833.1,ENSP04890089832.1"	ENSG04890050247.1	"ENST04890199412.1,ENST04890199413.1"
NANSQEDAEELKATTR	JCAD	GCA_018503285.1	ENSP05145018821.1	ENSG05145011835.1	ENST05145041689.1
ASGYTFTNNGITWVR		GCA_018504065.1	ENSP05175104532.1	ENSG05175060811.1	ENST05175234900.1
TEGDSSATAIFPQTHK	ANK2	GCA_018466845.1	"ENSP04840095702.1,ENSP04840095729.1,ENSP04840095619.1,ENSP04840095625.1,ENSP04840095691.1,ENSP04840095615.1,ENSP04840095636.1,ENSP04840095653.1,ENSP04840095656.1,ENSP04840095650.1,ENSP04840095717.1,ENSP04840095662.1,ENSP04840095710.1,ENSP04840095617.1,ENSP04840095686.1,ENSP04840095736.1,ENSP04840095659.1,ENSP04840095725.1,ENSP04840095677.1,ENSP04840095733.1,ENSP04840095631.1,ENSP04840095664.1,ENSP04840095727.1,ENSP04840095651.1,ENSP04840095674.1,ENSP04840095703.1,ENSP04840095709.1,ENSP04840095732.1,ENSP04840095621.1,ENSP04840095734.1,ENSP04840095670.1,ENSP04840095712.1,ENSP04840095707.1,ENSP04840095648.1,ENSP04840095623.1,ENSP04840095629.1,ENSP04840095700.1,ENSP04840095714.1,ENSP04840095684.1,ENSP04840095646.1,ENSP04840095688.1,ENSP04840095634.1,ENSP04840095706.1,ENSP04840095695.1,ENSP04840095726.1,ENSP04840095704.1,ENSP04840095730.1,ENSP04840095728.1,ENSP04840095668.1,ENSP04840095661.1,ENSP04840095641.1,ENSP04840095663.1,ENSP04840095660.1,ENSP04840095665.1,ENSP04840095666.1,ENSP04840095705.1,ENSP04840095713.1,ENSP04840095680.1,ENSP04840095626.1,ENSP04840095643.1,ENSP04840095658.1,ENSP04840095701.1,ENSP04840095624.1,ENSP04840095655.1,ENSP04840095715.1,ENSP04840095708.1,ENSP04840095719.1,ENSP04840095723.1,ENSP04840095627.1,ENSP04840095718.1,ENSP04840095638.1,ENSP04840095622.1,ENSP04840095720.1"	ENSG04840053365.1	"ENST04840212544.1,ENST04840212582.1,ENST04840212441.1,ENST04840212455.1,ENST04840212459.1,ENST04840212473.1,ENST04840212489.1,ENST04840212503.1,ENST04840212506.1,ENST04840212514.1,ENST04840212516.1,ENST04840212572.1,ENST04840212513.1,ENST04840212530.1,ENST04840212557.1,ENST04840212471.1,ENST04840212510.1,ENST04840212587.1,ENST04840212607.1,ENST04840212573.1,ENST04840212517.1,ENST04840212569.1,ENST04840212577.1,ENST04840212460.1,ENST04840212564.1,ENST04840212458.1,ENST04840212443.1,ENST04840212551.1,ENST04840212495.1,ENST04840212604.1,ENST04840212586.1,ENST04840212518.1,ENST04840212574.1,ENST04840212581.1,ENST04840212616.1,ENST04840212571.1,ENST04840212476.1,ENST04840212500.1,ENST04840212466.1,ENST04840212527.1,ENST04840212515.1,ENST04840212603.1,ENST04840212605.1,ENST04840212585.1,ENST04840212499.1,ENST04840212565.1,ENST04840212606.1,ENST04840212492.1,ENST04840212522.1,ENST04840212533.1,ENST04840212452.1,ENST04840212469.1,ENST04840212447.1,ENST04840212457.1,ENST04840212484.1,ENST04840212487.1,ENST04840212560.1,ENST04840212568.1,ENST04840212622.1,ENST04840212547.1,ENST04840212610.1,ENST04840212537.1,ENST04840212596.1,ENST04840212608.1,ENST04840212464.1,ENST04840212570.1,ENST04840212520.1,ENST04840212450.1,ENST04840212627.1,ENST04840212478.1,ENST04840212580.1,ENST04840212540.1,ENST04840212588.1"
EQVPHCICANGR	A2M	GCA_018472765.1	ENSP05080094645.1	ENSG05080053884.1	ENST05080210892.1
ASGYTYTDYYMHWVR		GCA_018472685.1	ENSP05055104619.1	ENSG05055060932.1	ENST05055235242.1
VDIKGPQVDIK	AHNAK2	GCA_018469955.1	ENSP04940000530.1	ENSG04940000504.1	ENST04940001285.1
DYDSLVQPGFFDR	COL6A2	GCA_018504375.1	ENSP05195014626.1	ENSG05195009156.1	ENST05195032816.1
EGLPWPEQQR	ICAM5	GCA_018471065.1	ENSP04975039567.1	ENSG04975024380.1	ENST04975089354.1
MGFTNVGPNNQPVSFQEIFEAK	SEPTIN14	GCA_018467015.1	ENSP04860053309.1	ENSG04860030750.1	ENST04860118709.1
DTSISTAYMDLSR		GCA_018472685.1	ENSP05055104619.1	ENSG05055060932.1	ENST05055235242.1
HLMPMNPNDDSLFK	PLS1	GCA_018503585.1	"ENSP05160086620.1,ENSP05160086623.1,ENSP05160086616.1,ENSP05160086625.1"	ENSG05160048767.1	"ENST05160193023.1,ENST05160193026.1,ENST05160193028.1,ENST05160193019.1"
GSDVIIVGR	UMPS	GCA_018472845.1	ENSP05095079864.1	ENSG05095045721.1	ENST05095178121.1
ENAEQGEVDVESHR	CD99	GCA_018469925.1	"ENSP04925049042.1,ENSP04925049040.1"	ENSG04925028928.1	"ENST04925109124.1,ENST04925109120.1"
DSLGQTVDLGLTGNHGVVHPSLADSANKFEENTYCFGR	ACAD9	GCA_009914755.4	"ENSP05220039035.1,ENSP05220038987.1,ENSP05220038996.1,ENSP05220038985.1,ENSP05220039030.1,ENSP05220039000.1,ENSP05220038986.1"	ENSG05220023517.1	"ENST05220087594.1,ENST05220087648.1,ENST05220087612.1,ENST05220087595.1,ENST05220087608.1,ENST05220087654.1,ENST05220087593.1"
IQNEGVVLESEETNQTNK	GPATCH2	GCA_018504655.1	"ENSP05215070841.1,ENSP05215070848.1"	ENSG05215040240.1	"ENST05215157545.1,ENST05215157532.1"
KTSLDTKSVSEGHLK	GFAP	GCA_018470455.1	ENSP04965066174.1	ENSG04965038336.1	ENST04965148559.1
LKEAQNTCAMLTTYNEIDMSNIQEMR	DLST	GCA_018504065.1	"ENSP05175100779.1,ENSP05175100782.1"	ENSG05175056786.1	"ENST05175223855.1,ENST05175223848.1"
VALSSQTEVALAR	MAP4	GCA_018469665.1	"ENSP04890036737.1,ENSP04890036738.1,ENSP04890036753.1,ENSP04890036739.1"	ENSG04890021006.1	"ENST04890079652.1,ENST04890079649.1,ENST04890079655.1,ENST04890079676.1"
KAEPELDLR	CAST	GCA_018504665.1	"ENSP05220080792.1,ENSP05220080847.1,ENSP05220080854.1,ENSP05220080876.1,ENSP05220080859.1,ENSP05220080787.1,ENSP05220080839.1,ENSP05220080874.1,ENSP05220080803.1,ENSP05220080877.1,ENSP05220080795.1,ENSP05220080870.1,ENSP05220080872.1,ENSP05220080837.1,ENSP05220080853.1,ENSP05220080867.1,ENSP05220080827.1,ENSP05220080798.1,ENSP05220080814.1,ENSP05220080821.1,ENSP05220080794.1,ENSP05220080879.1,ENSP05220080830.1,ENSP05220080852.1,ENSP05220080832.1,ENSP05220080855.1,ENSP05220080843.1,ENSP05220080799.1"	ENSG05220046071.1	"ENST05220181538.1,ENST05220181456.1,ENST05220181547.1,ENST05220181442.1,ENST05220181543.1,ENST05220181507.1,ENST05220181427.1,ENST05220181558.1,ENST05220181433.1,ENST05220181492.1,ENST05220181510.1,ENST05220181516.1,ENST05220181521.1,ENST05220181469.1,ENST05220181592.1,ENST05220181533.1,ENST05220181584.1,ENST05220181542.1,ENST05220181502.1,ENST05220181480.1,ENST05220181579.1,ENST05220181447.1,ENST05220181563.1,ENST05220181445.1,ENST05220181499.1,ENST05220181439.1,ENST05220181589.1,ENST05220181574.1"
SNNIFQVGECR	CDC42BPG	GCA_018506975.1	ENSP05280047761.1	ENSG05280027565.1	ENST05280105990.1
EHLVQKLQAEANDLQIR	GOLGA3	GCA_018504645.1	"ENSP05210031923.1,ENSP05210031921.1,ENSP05210031920.1"	ENSG05210019405.1	"ENST05210073127.1,ENST05210073128.1,ENST05210073130.1"
SMSMDETDKSPCEAGR	COBLL1	GCA_018467005.1	"ENSP04855096362.1,ENSP04855096364.1,ENSP04855096367.1,ENSP04855096365.1,ENSP04855096366.1,ENSP04855096363.1"	ENSG04855054348.1	"ENST04855216412.1,ENST04855216413.1,ENST04855216419.1,ENST04855216414.1,ENST04855216411.1,ENST04855216417.1"
AETEKPANQKEPTTCHTTVK	RBM19	GCA_018469405.1	"ENSP04875056076.1,ENSP04875056078.1,ENSP04875056080.1"	ENSG04875032962.1	"ENST04875126461.1,ENST04875126463.1,ENST04875126459.1"
RFQTIDIEPDIETLLSQGPSCA	GPX1	GCA_018467015.1	"ENSP04860063343.1,ENSP04860063341.1"	ENSG04860036348.1	"ENST04860141125.1,ENST04860141123.1"
LEELDLGNNEICNLPESIGALLHLK	LRRC1	GCA_018472605.1	ENSP05050011520.1	ENSG05050007553.1	ENST05050025697.1
RGEEWNPQKAEEK	SPAG7	GCA_018505845.1	"ENSP05235078254.1,ENSP05235078256.1,ENSP05235078255.1"	ENSG05235044655.1	"ENST05235174535.1,ENST05235174533.1,ENST05235174534.1"
DSGRGDSVSNSGSDALR	PDCD4	GCA_018471515.1	"ENSP05005020312.1,ENSP05005020311.1,ENSP05005020313.1"	ENSG05005012576.1	"ENST05005045144.1,ENST05005045154.1,ENST05005045147.1"
ISEKQEEIISILEEK	PRUNE2	GCA_018504085.1	"ENSP05185076534.1,ENSP05185076538.1,ENSP05185076537.1"	ENSG05185043147.1	"ENST05185169974.1,ENST05185169981.1,ENST05185169984.1"
TQWLEVDTR	AEBP1	GCA_018469415.1	"ENSP04880014486.1,ENSP04880014478.1"	ENSG04880008517.1	"ENST04880031903.1,ENST04880031890.1"
LCFKENAEQGEVDVESHR	CD99	GCA_018469925.1	"ENSP04925049042.1,ENSP04925049040.1"	ENSG04925028928.1	"ENST04925109124.1,ENST04925109120.1"
RFQEALQTIFNR	MYO1D	GCA_018473305.1	"ENSP05115026536.1,ENSP05115026535.1,ENSP05115026534.1"	ENSG05115016898.1	"ENST05115060856.1,ENST05115060855.1,ENST05115060859.1"
SIIMCRVSLLDGTDVSVDLPK	EPB41L5	GCA_018466845.1	"ENSP04840063014.1,ENSP04840063012.1,ENSP04840063013.1,ENSP04840063015.1,ENSP04840063011.1"	ENSG04840035762.1	"ENST04840140678.1,ENST04840140676.1,ENST04840140677.1,ENST04840140675.1,ENST04840140674.1"
SESGNWHCTASWK	SEH1L	GCA_018472725.1	"ENSP05075018683.1,ENSP05075018682.1,ENSP05075018685.1,ENSP05075018681.1,ENSP05075018680.1"	ENSG05075012146.1	"ENST05075043025.1,ENST05075043021.1,ENST05075043020.1,ENST05075043023.1,ENST05075043022.1"
KLCFKENAEQGEVNMESHR	CD99	GCA_018473295.1	"ENSP05110009478.1,ENSP05110009476.1"	ENSG05110006720.1	"ENST05110021804.1,ENST05110021808.1"
GPKVDIDAPDVDVHGTDWHLK	AHNAK	GCA_018506165.1	ENSP05260041649.1	ENSG05260024343.1	ENST05260093246.1
ASHQWMNTQGGHLALGVYQHVTGEMMGGHAIR	CTSB	GCA_018469425.1	ENSP04885086168.1	ENSG04885048627.1	ENST04885192262.1
EVACLETLVR	NUMA1	GCA_018469965.1	"ENSP04945090216.1,ENSP04945090219.1,ENSP04945090215.1,ENSP04945090217.1"	ENSG04945050637.1	"ENST04945200814.1,ENST04945200810.1,ENST04945200811.1,ENST04945200812.1"
NVIEDLVPIEDIPDVHPDLQK	DDX51	GCA_018469925.1	ENSP04925019823.1	ENSG04925012391.1	ENST04925044189.1
LPDTALPTLQNGAAVTDLAWDPFNPHR	CORO7	GCA_018504665.1	"ENSP05220054092.1,ENSP05220054090.1,ENSP05220054093.1"	ENSG05220030126.1	"ENST05220120062.1,ENST05220120060.1,ENST05220120063.1"
AEAYLIEQMYDEAIQDYETAQEHNENDQQIR	DNAJC3	GCA_018506125.1	"ENSP05250002199.1,ENSP05250002200.1"	ENSG05250001743.1	"ENST05250005261.1,ENST05250005260.1"
LLLTNDPLEAAHGGNVLITDTWISMGREEEK	OTC	GCA_018504375.1	ENSP05195002311.1	ENSG05195001820.1	ENST05195005461.1
EAEGAPQMEAGK	CALD1	GCA_018469685.1	"ENSP04900044359.1,ENSP04900044350.1,ENSP04900044351.1,ENSP04900044361.1,ENSP04900044354.1,ENSP04900044356.1,ENSP04900044362.1,ENSP04900044352.1,ENSP04900044360.1"	ENSG04900025557.1	"ENST04900100275.1,ENST04900100279.1,ENST04900100274.1,ENST04900100276.1,ENST04900100290.1,ENST04900100288.1,ENST04900100291.1,ENST04900100289.1,ENST04900100283.1"
QVPELPVIR	LDAH	GCA_018506975.1	"ENSP05280014172.1,ENSP05280014178.1,ENSP05280014174.1,ENSP05280014170.1,ENSP05280014177.1,ENSP05280014169.1,ENSP05280014180.1,ENSP05280014171.1,ENSP05280014173.1"	ENSG05280008832.1	"ENST05280031186.1,ENST05280031190.1,ENST05280031189.1,ENST05280031185.1,ENST05280031181.1,ENST05280031192.1,ENST05280031180.1,ENST05280031184.1,ENST05280031183.1"
DVASLSSQIQDTQELLQEETR	MYH11	GCA_018505855.1	"ENSP05240064509.1,ENSP05240064507.1,ENSP05240064508.1,ENSP05240064511.1"	ENSG05240037090.1	"ENST05240144523.1,ENST05240144519.1,ENST05240144520.1,ENST05240144518.1"
ATVEQEMELR	ATAD3A	GCA_018471105.1	"ENSP04995088389.1,ENSP04995088386.1,ENSP04995088387.1"	ENSG04995050326.1	"ENST04995197459.1,ENST04995197457.1,ENST04995197461.1"
ATDKDITDTLSNPEVFNYGVETHEAYK	NQO2	GCA_018472865.1	"ENSP05105007727.1,ENSP05105007728.1,ENSP05105007730.1,ENSP05105007725.1,ENSP05105007729.1,ENSP05105007731.1,ENSP05105007726.1"	ENSG05105005545.1	"ENST05105017485.1,ENST05105017491.1,ENST05105017487.1,ENST05105017488.1,ENST05105017489.1,ENST05105017490.1,ENST05105017486.1"
DSSVFILGNTDRPDASAVYLR	PLCG2	GCA_018469705.1	"ENSP04910085579.1,ENSP04910085582.1"	ENSG04910047828.1	"ENST04910188815.1,ENST04910188830.1"
MKLTENPEK	NAPRT	GCA_018466845.1	"ENSP04840002711.1,ENSP04840002710.1,ENSP04840002712.1,ENSP04840002709.1,ENSP04840002713.1"	ENSG04840002055.1	"ENST04840006088.1,ENST04840006087.1,ENST04840006091.1,ENST04840006092.1,ENST04840006086.1"
LCTSVTESDVAR	PMPCB	GCA_018472695.1	"ENSP05060063849.1,ENSP05060063848.1"	ENSG05060037515.1	"ENST05060143299.1,ENST05060143298.1"
QEDKDLEAAMLSK	MICAL3	GCA_018504635.1	ENSP05205000343.1	ENSG05205000401.1	ENST05205001067.1
VKLEQQVDDLEGSLEQQK	MYH6	GCA_018472705.1	ENSP05065016376.1	ENSG05065011105.1	ENST05065037975.1
FFQQRLDHFNFQR	DPP7	GCA_018504085.1	"ENSP05185014463.1,ENSP05185014467.1,ENSP05185014466.1"	ENSG05185009057.1	"ENST05185032155.1,ENST05185032148.1,ENST05185032167.1"
QRVQEALLQLSQALSLMETVK	PLIN3	GCA_018469705.1	"ENSP04910074831.1,ENSP04910074832.1,ENSP04910074834.1"	ENSG04910041836.1	"ENST04910165130.1,ENST04910165131.1,ENST04910165133.1"
LEWMGWINTGNGNTK		GCA_018503585.1	ENSP05160037438.1	ENSG05160058525.1	ENST05160232266.1
DFKDGTFDPDNLEEYGFEPTQEGK	MRPL41	GCA_018506945.1	ENSP05265003786.1	ENSG05265003028.1	ENST05265009369.1
EAFGTEDGLQR	NEIL2	GCA_018503585.1	"ENSP05160090431.1,ENSP05160090434.1,ENSP05160090433.1,ENSP05160090430.1,ENSP05160090429.1"	ENSG05160050729.1	"ENST05160201365.1,ENST05160201368.1,ENST05160201366.1,ENST05160201370.1,ENST05160201364.1"
LSCAASGFTFSTYGMHWVR		GCA_018505845.1	ENSP05235104406.1	ENSG05235059425.1	ENST05235233584.1
FLEVQYLTGGLIEPDMPGRVPLDEALQR	PLEC	GCA_018472685.1	"ENSP05055040444.1,ENSP05055040445.1,ENSP05055040441.1,ENSP05055040450.1,ENSP05055040442.1,ENSP05055040449.1,ENSP05055040448.1,ENSP05055040447.1,ENSP05055040446.1,ENSP05055040443.1"	ENSG05055024460.1	"ENST05055090409.1,ENST05055090387.1,ENST05055090385.1,ENST05055090392.1,ENST05055090400.1,ENST05055090403.1,ENST05055090406.1,ENST05055090382.1,ENST05055090396.1,ENST05055090389.1"
IQYEMPLCDEGSSSK	SYPL2	GCA_018504665.1	ENSP05220068163.1	ENSG05220038026.1	ENST05220152786.1
ESGPALVKPTQTLTLTCTFSGFSLNTSAMR	IGHV2-70D	GCA_018503585.1	ENSP05160003249.1	ENSG05160002305.1	ENST05160007480.1
EGQNVNMENLYTALQSIDR	ANK1	GCA_018469695.1	"ENSP04905070288.1,ENSP04905070281.1,ENSP04905070291.1,ENSP04905070287.1,ENSP04905070282.1,ENSP04905070283.1"	ENSG04905038951.1	"ENST04905155753.1,ENST04905155759.1,ENST04905155749.1,ENST04905155747.1,ENST04905155754.1,ENST04905155748.1"
LTIVDTVGFGDQLNKDDSYKPIVEYIDAQFEAYLQEELK	SEPTIN11	GCA_018467155.1	"ENSP04865020156.1,ENSP04865020161.1,ENSP04865020157.1,ENSP04865020159.1,ENSP04865020158.1"	ENSG04865012865.1	"ENST04865044893.1,ENST04865044890.1,ENST04865044888.1,ENST04865044887.1,ENST04865044889.1"
LSEIQETSEQAQSKFKSEK	FKBP15	GCA_018505865.1	"ENSP05245042986.1,ENSP05245042984.1"	ENSG05245025100.1	"ENST05245095549.1,ENST05245095545.1"
DNAKNTVYLQMNSLR	IGHV3-74	GCA_018504665.1	ENSP05220104610.1	ENSG05220060986.1	ENST05220235170.1
VDDVINVSGHR	ACSS3	GCA_018466835.1	"ENSP04835072927.1,ENSP04835072929.1"	ENSG04835041978.1	"ENST04835163948.1,ENST04835163945.1"
DSLPIPVR	GPSM1	GCA_018469665.1	"ENSP04890010239.1,ENSP04890010241.1"	ENSG04890006305.1	"ENST04890022646.1,ENST04890022642.1"
ERQEDKDLEAAMLSK	MICAL3	GCA_018504635.1	ENSP05205000343.1	ENSG05205000401.1	ENST05205001067.1
ANYNPSLK	IGHV4-59	GCA_018466845.1	ENSP04840104496.1	ENSG04840060953.1	ENST04840235031.1
DDVVPWHTSMQVADR	ABHD10	GCA_018469705.1	ENSP04910055294.1	ENSG04910031795.1	ENST04910123046.1
MTLLNVCSIVNNLNSPAEETGEVHEEELVAR	NTS	GCA_018472845.1	ENSP05095082273.1	ENSG05095047118.1	ENST05095183762.1
GRVSIAELAQASNSLITWGR	DDRGK1	GCA_018471075.1	ENSP04980005403.1	ENSG04980004459.1	ENST04980013868.1
HNQVESIFLSAIDMYGHEFCPENLK	ACACB	GCA_018469425.1	"ENSP04885022616.1,ENSP04885022623.1"	ENSG04885013506.1	"ENST04885050667.1,ENST04885050687.1"
VDIDAPDVDVHGTDWHLK	AHNAK	GCA_018506165.1	ENSP05260041649.1	ENSG05260024343.1	ENST05260093246.1
ISVPDLDLNLKGPK	AHNAK	GCA_018469415.1	ENSP04880064439.1	ENSG04880035986.1	ENST04880144440.1
DRAEAYLIEQMYDEAIQDYETAQEHNENDQQIR	DNAJC3	GCA_018506125.1	"ENSP05250002199.1,ENSP05250002200.1"	ENSG05250001743.1	"ENST05250005261.1,ENST05250005260.1"
LQAEANDLQIR	GOLGA3	GCA_018504645.1	"ENSP05210031923.1,ENSP05210031921.1,ENSP05210031920.1"	ENSG05210019405.1	"ENST05210073127.1,ENST05210073128.1,ENST05210073130.1"
ITQGQPLEVAFGSQITLR	POMT1	GCA_018505855.1	"ENSP05240059176.1,ENSP05240059171.1,ENSP05240059169.1,ENSP05240059177.1,ENSP05240059208.1,ENSP05240059152.1,ENSP05240059154.1,ENSP05240059157.1,ENSP05240059156.1,ENSP05240059223.1,ENSP05240059148.1,ENSP05240059170.1,ENSP05240059203.1,ENSP05240059173.1,ENSP05240059159.1,ENSP05240059150.1"	ENSG05240034313.1	"ENST05240132708.1,ENST05240132674.1,ENST05240132663.1,ENST05240132672.1,ENST05240132698.1,ENST05240132797.1,ENST05240132697.1,ENST05240132696.1,ENST05240132756.1,ENST05240132706.1,ENST05240132700.1,ENST05240132665.1,ENST05240132678.1,ENST05240132668.1,ENST05240132769.1,ENST05240132670.1"
IGVLITDGKSQDNVEAPSKK	COL12A1	GCA_018504645.1	"ENSP05210052495.1,ENSP05210052477.1,ENSP05210052484.1,ENSP05210052491.1,ENSP05210052502.1"	ENSG05210030355.1	"ENST05210117503.1,ENST05210117495.1,ENST05210117481.1,ENST05210117529.1,ENST05210117513.1"
KMDQTMAANAQK	CMPK1	GCA_018471525.1	"ENSP05010082793.1,ENSP05010082794.1,ENSP05010082796.1"	ENSG05010047291.1	"ENST05010184649.1,ENST05010184646.1,ENST05010184647.1"
AFITHGGTNGIYEAIYHGVPMVGIPIFADQPDNIAHMK	"UGT2A2,UGT2A1"	GCA_018469945.1	"ENSP04935032669.1,ENSP04935032745.1,ENSP04935032665.1,ENSP04935032666.1,ENSP04935032667.1,ENSP04935032740.1"	"ENSG04935019271.1,ENSG04935019305.1"	"ENST04935072240.1,ENST04935072382.1,ENST04935072242.1,ENST04935072239.1,ENST04935072238.1,ENST04935072387.1"
TPAPLQHLNTLLDGTYK	BBS9	GCA_018472605.1	"ENSP05050051599.1,ENSP05050051601.1,ENSP05050051597.1,ENSP05050051606.1,ENSP05050051605.1,ENSP05050051598.1,ENSP05050051604.1,ENSP05050051595.1,ENSP05050051602.1,ENSP05050051590.1,ENSP05050051596.1,ENSP05050051593.1,ENSP05050051594.1"	ENSG05050030674.1	"ENST05050116202.1,ENST05050116201.1,ENST05050116198.1,ENST05050116197.1,ENST05050116205.1,ENST05050116188.1,ENST05050116189.1,ENST05050116193.1,ENST05050116192.1,ENST05050116190.1,ENST05050116184.1,ENST05050116195.1,ENST05050116191.1"
VGNTVPFGAGAAVGGGGGSSSSSENVKR	IRS1	GCA_018471515.1	ENSP05005079785.1	ENSG05005045021.1	ENST05005176557.1
ELDVDSIIAEIK	KRT82	GCA_018504365.1	ENSP05190098454.1	ENSG05190055401.1	ENST05190218887.1
LKTEKAPQDQVDIAVQELLQLK	EPRS1	GCA_018503585.1	"ENSP05160103340.1,ENSP05160103341.1"	ENSG05160058119.1	"ENST05160230720.1,ENST05160230717.1"
SIHQPDPTAVEQISLESVDMDSPVNMK	FBN2	GCA_018503285.1	"ENSP05145096976.1,ENSP05145096972.1"	ENSG05145055340.1	"ENST05145217834.1,ENST05145217842.1"
LDHCLQEASPCYK	GHDC	GCA_018471075.1	"ENSP04980029094.1,ENSP04980029095.1"	ENSG04980018726.1	"ENST04980067823.1,ENST04980067824.1"
PLPLPQGLR	IFITM1	GCA_018473305.1	ENSP05115058210.1	ENSG05115035271.1	ENST05115132822.1
DNDVLLHWAPVEEAGDSTQIIFSK	TBC1D17	GCA_018467005.1	"ENSP04855006231.1,ENSP04855006229.1,ENSP04855006235.1,ENSP04855006228.1"	ENSG04855004043.1	"ENST04855013701.1,ENST04855013700.1,ENST04855013703.1,ENST04855013708.1"
SMDSYLNQSYGMNNHSGGGGGSR	ZNF326	GCA_018504045.1	"ENSP05165024761.1,ENSP05165024762.1"	ENSG05165015033.1	"ENST05165056826.1,ENST05165056828.1"
TSYETTDKVLQNK	CAPN7	GCA_018469965.1	ENSP04945086126.1	ENSG04945048204.1	ENST04945191473.1
LLLAHPACNSSLTDK	KANK4	GCA_018503245.1	"ENSP05125083884.1,ENSP05125083883.1,ENSP05125083881.1,ENSP05125083882.1"	ENSG05125046901.1	"ENST05125185838.1,ENST05125185839.1,ENST05125185841.1,ENST05125185840.1"
WQEGNIFSCSVMHEALHNR	IGHG3	GCA_018503255.1	"ENSP05130015712.1,ENSP05130015715.1"	ENSG05130008998.1	"ENST05130034757.1,ENST05130034761.1"
KQYDQFGNDKSQAAR	DNAJB12	GCA_018852595.1	"ENSP05305006791.1,ENSP05305006783.1,ENSP05305006784.1,ENSP05305006787.1"	ENSG05305004859.1	"ENST05305015910.1,ENST05305015906.1,ENST05305015914.1,ENST05305015926.1"
RSPEAPQPVLAMEEPAVPAPLPK	HCLS1	GCA_018469875.1	"ENSP04920088997.1,ENSP04920088998.1"	ENSG04920050626.1	"ENST04920198366.1,ENST04920198364.1"
VWDKSESGNWHCTASWK	SEH1L	GCA_018472725.1	"ENSP05075018683.1,ENSP05075018682.1,ENSP05075018685.1,ENSP05075018681.1,ENSP05075018680.1"	ENSG05075012146.1	"ENST05075043025.1,ENST05075043021.1,ENST05075043020.1,ENST05075043023.1,ENST05075043022.1"
AMGIMNSFINDIFER	H2BS1	GCA_018472725.1	"ENSP05075072294.1,ENSP05075023836.1"	"ENSG05075015450.1,ENSG05075041963.1"	"ENST05075055387.1,ENST05075161795.1"
VDLKGPQLDVK	AHNAK2	GCA_018469415.1	ENSP04880056894.1	ENSG04880031151.1	ENST04880127001.1
TPEVTCVVVDVSHQDPEVQFKWYVDGVEVHNAK	IGHG3	GCA_018506155.1	"ENSP05255016731.1,ENSP05255016732.1"	ENSG05255010702.1	"ENST05255039111.1,ENST05255039110.1"
NANSQEDAEELK	JCAD	GCA_018503285.1	ENSP05145018821.1	ENSG05145011835.1	ENST05145041689.1
KTLINESLNFK	LRRK2	GCA_018472575.1	"ENSP05035049346.1,ENSP05035049342.1,ENSP05035049349.1,ENSP05035049345.1,ENSP05035049350.1,ENSP05035049340.1,ENSP05035049347.1,ENSP05035049348.1"	ENSG05035030262.1	"ENST05035112955.1,ENST05035112962.1,ENST05035112966.1,ENST05035112963.1,ENST05035112965.1,ENST05035112957.1,ENST05035112967.1,ENST05035112964.1"
SRGPGAPCQNVDECAR	LTBP4	GCA_018472845.1	"ENSP05095049689.1,ENSP05095049693.1,ENSP05095049691.1"	ENSG05095029604.1	"ENST05095111674.1,ENST05095111680.1,ENST05095111676.1"
QALPAEAAILTLAPHSSYFDAIPVTMTMSSIVMK	LPCAT1	GCA_018472715.1	"ENSP05070087805.1,ENSP05070087806.1"	ENSG05070050354.1	"ENST05070196785.1,ENST05070196784.1"
VVASGPGLQHGK	FLNB	GCA_018504055.1	"ENSP05170092811.1,ENSP05170092817.1,ENSP05170092818.1,ENSP05170092819.1,ENSP05170092810.1,ENSP05170092816.1,ENSP05170092812.1"	ENSG05170052473.1	"ENST05170206945.1,ENST05170206956.1,ENST05170206955.1,ENST05170206957.1,ENST05170206946.1,ENST05170206947.1,ENST05170206954.1"
LDPAYFSVGYVDR	LENG9	GCA_018469685.1	ENSP04900067855.1	ENSG04900038419.1	ENST04900151440.1
FEIGEGEKLDLPYGLER	FKBP4	GCA_018469405.1	ENSP04875089910.1	ENSG04875050886.1	ENST04875200694.1
AMQADISEAAQILSSDPSR	TMPO	GCA_018472725.1	ENSP05075089640.1	ENSG05075051059.1	ENST05075199937.1
NLLVENIINIYKQECSSRPLQK	TRIM63	GCA_018471525.1	ENSP05010059161.1	ENSG05010034730.1	ENST05010132339.1
VEANVSLPSMQGDLK	AHNAK2	GCA_018852595.1	ENSP05305004781.1	ENSG05305003592.1	ENST05305011302.1
VPEPDYTK	SPRR3	GCA_018469685.1	"ENSP04900080273.1,ENSP04900080274.1,ENSP04900080275.1"	ENSG04900045442.1	"ENST04900179039.1,ENST04900179040.1,ENST04900179038.1"
TCSNDVVDYFKR	NSUN5	GCA_018469405.1	"ENSP04875098203.1,ENSP04875098201.1,ENSP04875098202.1,ENSP04875098204.1"	ENSG04875055503.1	"ENST04875219457.1,ENST04875219458.1,ENST04875219461.1,ENST04875219460.1"
IPVTVITGYLGAGK	CBWD2	GCA_018504075.1	ENSP05180104294.1	ENSG05180059382.1	ENST05180233531.1
ISELTSELTDERNTGESASQLLDVETAER	MYO18A	GCA_018506965.1	"ENSP05275032977.1,ENSP05275032979.1,ENSP05275032978.1,ENSP05275032985.1"	ENSG05275019670.1	"ENST05275073297.1,ENST05275073298.1,ENST05275073318.1,ENST05275073295.1"
FENEEAQAVYWHSSAHIMGEAMER	TARS1	GCA_018503575.1	"ENSP05155094117.1,ENSP05155094119.1,ENSP05155094115.1"	ENSG05155053306.1	"ENST05155210585.1,ENST05155210582.1,ENST05155210580.1"
AILQQLLLLR	TBC1D1	GCA_018472865.1	"ENSP05105010674.1,ENSP05105010671.1,ENSP05105010668.1,ENSP05105010667.1"	ENSG05105007593.1	"ENST05105024631.1,ENST05105024640.1,ENST05105024632.1,ENST05105024636.1"
DLSMIVLLPNEINGLQKLEEKLTAEK	SERPINB3	GCA_018852595.1	ENSP05305008930.1	ENSG05305006283.1	ENST05305020725.1
LSYDQQQQQQQQQQALQSR	RAI1	GCA_018471555.1	"ENSP05025039160.1,ENSP05025039156.1,ENSP05025039158.1"	ENSG05025023900.1	"ENST05025089325.1,ENST05025089328.1,ENST05025089322.1"
AELTSQELQISTYEEELAK	EPS15	GCA_018469405.1	ENSP04875055313.1	ENSG04875032550.1	ENST04875124985.1
FQQLANISMSGNNLAEILPPALQDIKELQHNVQK	SYNE2	GCA_018467165.1	"ENSP04870086884.1,ENSP04870086892.1,ENSP04870086891.1,ENSP04870086879.1,ENSP04870086882.1,ENSP04870086878.1,ENSP04870086880.1"	ENSG04870049053.1	"ENST04870193456.1,ENST04870193479.1,ENST04870193455.1,ENST04870193462.1,ENST04870193474.1,ENST04870193457.1,ENST04870193459.1"
ENTIYINEVLCMQMR	TEKT1	GCA_018467155.1	ENSP04865010358.1	ENSG04865007315.1	ENST04865023178.1
AHTTSTGLWGLINNAGHNEVVADAELSPVATFR	HSD11B2	GCA_018504625.1	ENSP05200075112.1	ENSG05200043078.1	ENST05200167939.1
EAAGEGPALYEDPPDHK	APEX1	GCA_018504045.1	"ENSP05165003867.1,ENSP05165003866.1,ENSP05165003864.1,ENSP05165003863.1,ENSP05165003872.1,ENSP05165003871.1,ENSP05165003865.1,ENSP05165003874.1,ENSP05165003875.1,ENSP05165003870.1,ENSP05165003869.1"	ENSG05165002819.1	"ENST05165009020.1,ENST05165009024.1,ENST05165009034.1,ENST05165009017.1,ENST05165009023.1,ENST05165009032.1,ENST05165009030.1,ENST05165009029.1,ENST05165009026.1,ENST05165009016.1,ENST05165009027.1"
GHNGLQGLPGIAGHHGDQGAPGSMGPAGPR	COL1A2	GCA_018473305.1	"ENSP05115069372.1,ENSP05115069383.1"	ENSG05115041200.1	"ENST05115157231.1,ENST05115157200.1"
DLSMIVLLPNEINGLQKLEEK	SERPINB3	GCA_018852595.1	ENSP05305008930.1	ENSG05305006283.1	ENST05305020725.1
GISSQPFPEQHCAALK	PSMD5	GCA_018466855.1	"ENSP04845101767.1,ENSP04845101765.1,ENSP04845101763.1"	ENSG04845057381.1	"ENST04845227195.1,ENST04845227200.1,ENST04845227198.1"
GASAEELLAQCLSSSLR	MCM3AP	GCA_018506945.1	"ENSP05265001271.1,ENSP05265001268.1"	ENSG05265000978.1	"ENST05265002942.1,ENST05265002934.1"
AMVGHLNELLVK	TRAP1	GCA_018471105.1	"ENSP04995099874.1,ENSP04995099875.1,ENSP04995099873.1,ENSP04995099872.1"	ENSG04995056397.1	"ENST04995222988.1,ENST04995222987.1,ENST04995222984.1,ENST04995222985.1"
LSEIQETSEQAQSKFK	FKBP15	GCA_018505865.1	"ENSP05245042986.1,ENSP05245042984.1"	ENSG05245025100.1	"ENST05245095549.1,ENST05245095545.1"
LLQGKDYIFR	TTN	GCA_018466855.1	"ENSP04845094956.1,ENSP04845094951.1,ENSP04845094955.1,ENSP04845094954.1,ENSP04845094952.1,ENSP04845094953.1"	ENSG04845053755.1	"ENST04845212118.1,ENST04845212114.1,ENST04845212116.1,ENST04845212119.1,ENST04845212117.1,ENST04845212115.1"
YTIAALLSPYSYSTTAVITNPKE	TTR	GCA_018504075.1	"ENSP05180023126.1,ENSP05180023125.1,ENSP05180023129.1"	ENSG05180014273.1	"ENST05180051043.1,ENST05180051038.1,ENST05180051037.1"
AEEINAKAEEEFNIEKGR	ATP6V1E2	GCA_018469955.1	"ENSP04940023194.1,ENSP04940023196.1"	ENSG04940013182.1	"ENST04940050942.1,ENST04940050937.1"
CDPSTPVPASSAALNR	DCP1B	GCA_018472715.1	"ENSP05070102788.1,ENSP05070102790.1"	ENSG05070057666.1	"ENST05070228626.1,ENST05070228624.1"
VKISTEVDITNVDLSTVDKDQSIAPK	RPN2	GCA_018505835.1	"ENSP05230089276.1,ENSP05230089273.1"	ENSG05230050560.1	"ENST05230200432.1,ENST05230200435.1"
IEPHHTAVLGEGDSVQVENKNPK	PIR	GCA_018504365.1	"ENSP05190002014.1,ENSP05190002012.1"	ENSG05190001294.1	"ENST05190004283.1,ENST05190004285.1"
GYDQFAYDGK	HLA-C	GCA_018504665.1	"ENSP05220078553.1,ENSP05220078555.1,ENSP05220078552.1"	ENSG05220044700.1	"ENST05220176509.1,ENST05220176516.1,ENST05220176507.1"
EQLDMAGAQVR	DCTN1	GCA_018471345.1	"ENSP05000037507.1,ENSP05000037506.1,ENSP05000037505.1,ENSP05000037501.1,ENSP05000037508.1,ENSP05000037499.1,ENSP05000037500.1,ENSP05000037503.1,ENSP05000037504.1,ENSP05000037502.1"	ENSG05000024187.1	"ENST05000086987.1,ENST05000086985.1,ENST05000086979.1,ENST05000086988.1,ENST05000086986.1,ENST05000086980.1,ENST05000086989.1,ENST05000086991.1,ENST05000086984.1,ENST05000086983.1"
NHPVPVIAMVNGLATAAGCQLVASCNIAVASDK	ECHDC3	GCA_018469705.1	"ENSP04910006010.1,ENSP04910006009.1,ENSP04910006008.1"	ENSG04910004310.1	"ENST04910013188.1,ENST04910013187.1,ENST04910013185.1"
VTISVDTSKNQFSLR	IGHV4-39	GCA_018505825.1	ENSP05225104397.1	ENSG05225061086.1	ENST05225235108.1
EHLVQAMPENLQEAR	ITIH3	GCA_018472725.1	"ENSP05075102967.1,ENSP05075102965.1,ENSP05075102966.1"	ENSG05075058018.1	"ENST05075230095.1,ENST05075230087.1,ENST05075230086.1"
VYVELQELVMDEKNQDLR	SLC4A1	GCA_018506965.1	"ENSP05275050049.1,ENSP05275050046.1"	ENSG05275029156.1	"ENST05275111088.1,ENST05275111091.1"
QHEDQSMTGHLQEELEEK	GOLGA4	GCA_018467165.1	"ENSP04870067105.1,ENSP04870067099.1,ENSP04870067101.1"	ENSG04870037891.1	"ENST04870148559.1,ENST04870148564.1,ENST04870148556.1"
KMDQTMAANAQKNK	CMPK1	GCA_018471525.1	"ENSP05010082793.1,ENSP05010082794.1,ENSP05010082796.1"	ENSG05010047291.1	"ENST05010184649.1,ENST05010184646.1,ENST05010184647.1"
IAIQPGTVGPQGR	COL4A2	GCA_018472715.1	ENSP05070005744.1	ENSG05070004357.1	ENST05070012904.1
MSLSSVEVDVQAPR	AHNAK2	GCA_018467015.1	ENSP04860093509.1	ENSG04860052569.1	ENST04860208929.1
VLFICTANITDTIPEPLRDR	LONP1	GCA_018472585.1	"ENSP05040008598.1,ENSP05040008595.1,ENSP05040008600.1,ENSP05040008599.1,ENSP05040008597.1"	ENSG05040006317.1	"ENST05040020254.1,ENST05040020253.1,ENST05040020250.1,ENST05040020252.1,ENST05040020255.1"
IQFDEGYDNYPGQEKMDDLKK	MRPS31	GCA_018469695.1	ENSP04905011055.1	ENSG04905007284.1	ENST04905024950.1
PQSEESLDEEDKR	CHGB	GCA_018504655.1	ENSP05215035611.1	ENSG05215021705.1	ENST05215080183.1
SEGLPSDDLSIENALVIIQSR	DYNC2H1	GCA_018469935.1	ENSP04930022931.1	ENSG04930012696.1	ENST04930049585.1
IIMATDLDSEDK	FREM2	GCA_018505865.1	ENSP05245016222.1	ENSG05245009889.1	ENST05245036234.1
QPSNLPGTVAVHIISSTSLMAV	CAPN5	GCA_018466985.1	"ENSP04850058663.1,ENSP04850058661.1,ENSP04850058664.1,ENSP04850058662.1,ENSP04850058659.1"	ENSG04850034196.1	"ENST04850130545.1,ENST04850130533.1,ENST04850130541.1,ENST04850130550.1,ENST04850130539.1"
LQALANEQAAAAHQLEK	KTN1	GCA_018466835.1	"ENSP04835073968.1,ENSP04835073990.1,ENSP04835073970.1,ENSP04835073973.1,ENSP04835073965.1,ENSP04835073962.1,ENSP04835073991.1"	ENSG04835042586.1	"ENST04835166371.1,ENST04835166386.1,ENST04835166378.1,ENST04835166420.1,ENST04835166416.1,ENST04835166382.1,ENST04835166375.1"
NAIAEPAVQR	CD99	GCA_018469925.1	"ENSP04925049042.1,ENSP04925049040.1,ENSP04925049044.1"	ENSG04925028928.1	"ENST04925109124.1,ENST04925109127.1,ENST04925109120.1"
FLRGHNQYAYDGKDYIALNEDLSSWTAADTAAQITQR	HLA-B	GCA_018506955.1	"ENSP05270030560.1,ENSP05270030549.1"	ENSG05270018786.1	"ENST05270070023.1,ENST05270070039.1"
SEDGTPAEDGTPAATGGSQPPSLGR	MYBBP1A	GCA_018472715.1	"ENSP05070077474.1,ENSP05070077472.1,ENSP05070077473.1"	ENSG05070044418.1	"ENST05070172362.1,ENST05070172359.1,ENST05070172361.1"
LHLQLGQPAAAAALCLELAAALR	F8A1	GCA_018469865.1	ENSP04915020866.1	ENSG04915012704.1	ENST04915046302.1
VSQGISSYLNWYQQK	IGKV1D-37	GCA_018469965.1	ENSP04945093262.1	ENSG04945052267.1	ENST04945207913.1
RPLMVLGSQALLTPTSANK	ILVBL	GCA_018469935.1	"ENSP04930042774.1,ENSP04930042775.1,ENSP04930042776.1"	ENSG04930023038.1	"ENST04930094223.1,ENST04930094229.1,ENST04930094224.1"
LHVSLMENCPGTLQALGEPIR	OBSCN	GCA_018467155.1	"ENSP04865027437.1,ENSP04865027422.1,ENSP04865027431.1,ENSP04865027498.1,ENSP04865027446.1,ENSP04865027465.1,ENSP04865027474.1"	ENSG04865017332.1	"ENST04865061738.1,ENST04865061662.1,ENST04865061681.1,ENST04865061808.1,ENST04865061717.1,ENST04865061691.1,ENST04865061673.1"
ELKNGNLEVGVHIADVSHFIRPGNALDQESAR	DIS3	GCA_018469415.1	"ENSP04880082904.1,ENSP04880082901.1,ENSP04880082902.1,ENSP04880082899.1"	ENSG04880046260.1	"ENST04880184561.1,ENST04880184565.1,ENST04880184552.1,ENST04880184557.1"
APDPGFQERFFQQRLDHFNFQR	DPP7	GCA_018504085.1	"ENSP05185014463.1,ENSP05185014467.1,ENSP05185014466.1"	ENSG05185009057.1	"ENST05185032155.1,ENST05185032148.1,ENST05185032167.1"
VAVNGVHSLQYK	LGALS8	GCA_018466855.1	"ENSP04845083670.1,ENSP04845083674.1,ENSP04845083681.1,ENSP04845083668.1,ENSP04845083680.1,ENSP04845083671.1,ENSP04845083678.1,ENSP04845083665.1,ENSP04845083672.1,ENSP04845083661.1"	ENSG04845047559.1	"ENST04845187037.1,ENST04845187047.1,ENST04845187050.1,ENST04845187040.1,ENST04845187030.1,ENST04845187049.1,ENST04845187023.1,ENST04845187027.1,ENST04845187036.1,ENST04845187034.1"
DPAGMPHPQTGK	PAPSS1	GCA_018469935.1	ENSP04930086455.1	ENSG04930048291.1	ENST04930192209.1
FIEGGDGHLSEDEEIK	POSTN	GCA_018506975.1	"ENSP05280018503.1,ENSP05280018508.1,ENSP05280018500.1,ENSP05280018498.1"	ENSG05280011043.1	"ENST05280040143.1,ENST05280040145.1,ENST05280040157.1,ENST05280040148.1"
VLDEHIQER	CEP57	GCA_018469685.1	"ENSP04900047775.1,ENSP04900047771.1,ENSP04900047774.1,ENSP04900047781.1,ENSP04900047780.1,ENSP04900047772.1,ENSP04900047777.1"	ENSG04900027190.1	"ENST04900107523.1,ENST04900107520.1,ENST04900107521.1,ENST04900107526.1,ENST04900107518.1,ENST04900107527.1,ENST04900107517.1"
DYPDFNPSVDAEAIQK	ANXA3	GCA_018503575.1	"ENSP05155097467.1,ENSP05155097466.1,ENSP05155097464.1,ENSP05155097465.1"	ENSG05155054992.1	"ENST05155217706.1,ENST05155217707.1,ENST05155217705.1,ENST05155217704.1"
KEEFHEQSFRVQK	HABP2	GCA_018469865.1	"ENSP04915008558.1,ENSP04915008559.1"	ENSG04915005768.1	"ENST04915019345.1,ENST04915019347.1"
TILTLTGVSTLGNVKNNQESDCVSK	PGP	GCA_018469685.1	"ENSP04900101126.1,ENSP04900101127.1"	ENSG04900056873.1	"ENST04900225134.1,ENST04900225136.1"
LTENPEKQTLPGSK	NAPRT	GCA_018466845.1	"ENSP04840002711.1,ENSP04840002710.1,ENSP04840002712.1,ENSP04840002709.1,ENSP04840002713.1"	ENSG04840002055.1	"ENST04840006088.1,ENST04840006087.1,ENST04840006091.1,ENST04840006092.1,ENST04840006086.1"
IGQPTLLLYVDAGPQTMTQR	AK1	GCA_018471095.1	"ENSP04990036364.1,ENSP04990036362.1,ENSP04990036365.1"	ENSG04990022249.1	"ENST04990081982.1,ENST04990081979.1,ENST04990081983.1"
ELEIGQNCLELELGQSR	TJAP1	GCA_018469695.1	"ENSP04905097750.1,ENSP04905097753.1,ENSP04905097755.1,ENSP04905097749.1,ENSP04905097751.1,ENSP04905097752.1,ENSP04905097754.1,ENSP04905097756.1,ENSP04905097758.1,ENSP04905097757.1"	ENSG04905055133.1	"ENST04905218174.1,ENST04905218176.1,ENST04905218173.1,ENST04905218177.1,ENST04905218183.1,ENST04905218186.1,ENST04905218175.1,ENST04905218184.1,ENST04905218185.1,ENST04905218182.1"
PRGSSVSQDSDSQGHSEDSER	FLG	GCA_018473315.1	ENSP05120057752.1	ENSG05120033645.1	ENST05120129227.1
TSRPRGSSVSQDSDSQGHSEDSER	FLG	GCA_018473315.1	ENSP05120057752.1	ENSG05120033645.1	ENST05120129227.1
STSFRGGMGSGGLATGIAAGLAGMGGIQNEK	KRT18	GCA_018467015.1	"ENSP04860062597.1,ENSP04860062599.1,ENSP04860062596.1"	ENSG04860035821.1	"ENST04860139010.1,ENST04860139003.1,ENST04860139004.1"
SGGSAGGLAEGAGVLAPPPPPPQIK	ERF	GCA_009914755.4	"ENSP05220027270.1,ENSP05220027269.1"	ENSG05220015941.1	"ENST05220059940.1,ENST05220059939.1"
LEDEEEMNSELTAK	MYH6	GCA_018506155.1	ENSP05255026720.1	ENSG05255016373.1	ENST05255061661.1
LLIYDASVR	IGKV3-11	GCA_018505855.1	ENSP05240101174.1	ENSG05240059394.1	ENST05240228982.1
VKLEQQVDDLEGSLEQQKK	MYH6	GCA_018472705.1	ENSP05065016376.1	ENSG05065011105.1	ENST05065037975.1
FFTGVMEPQLMQTSEMGILTSTALLHR	FAM160B1	GCA_018469935.1	"ENSP04930063917.1,ENSP04930063919.1"	ENSG04930036014.1	"ENST04930142283.1,ENST04930142285.1"
RLVVQQAGQADAGEYSCK	OBSCN	GCA_018472855.1	"ENSP05100064454.1,ENSP05100064453.1,ENSP05100064456.1,ENSP05100064455.1,ENSP05100064452.1,ENSP05100064457.1,ENSP05100064458.1"	ENSG05100035497.1	"ENST05100144142.1,ENST05100144145.1,ENST05100144143.1,ENST05100144144.1,ENST05100144141.1,ENST05100144147.1,ENST05100144146.1"
SLENCLLDLR	FAM83H	GCA_018472715.1	"ENSP05070044191.1,ENSP05070044189.1,ENSP05070044190.1"	ENSG05070027019.1	"ENST05070099505.1,ENST05070099506.1,ENST05070099507.1"
VTITCRASQSISGYLNWYQQRPGK	IGKV1D-39	GCA_018467015.1	ENSP04860104253.1	ENSG04860059461.1	ENST04860233502.1
RLEDSSQQLGDQEPLGSPLAPGPLAQSVNSNKEEL	FOXRED2	GCA_018469945.1	"ENSP04935026137.1,ENSP04935026131.1,ENSP04935026129.1"	ENSG04935015710.1	"ENST04935057783.1,ENST04935057796.1,ENST04935057778.1"
WISAMEDQLQSDDPGK	SPTB	GCA_018471525.1	"ENSP05010013005.1,ENSP05010013006.1,ENSP05010013008.1,ENSP05010013007.1"	ENSG05010008151.1	"ENST05010028794.1,ENST05010028790.1,ENST05010028789.1,ENST05010028791.1"
LEQQVDDLEGSLEQQKK	MYH6	GCA_018472705.1	ENSP05065016376.1	ENSG05065011105.1	ENST05065037975.1
LLISAASTLQSGVPSR	IGKV1-27	GCA_018506945.1	ENSP05265101141.1	ENSG05265059391.1	ENST05265229301.1
IREEIVHFGIK	SEPTIN4	GCA_018504635.1	"ENSP05205062852.1,ENSP05205062856.1,ENSP05205062839.1,ENSP05205062847.1,ENSP05205062849.1,ENSP05205062829.1,ENSP05205062826.1,ENSP05205062843.1,ENSP05205062836.1,ENSP05205062823.1"	ENSG05205036233.1	"ENST05205140080.1,ENST05205140042.1,ENST05205140038.1,ENST05205140065.1,ENST05205140074.1,ENST05205140084.1,ENST05205140077.1,ENST05205140070.1,ENST05205140059.1,ENST05205140048.1"
KFDEFQTGILLYELLHQPNPFEVR	PRAG1	GCA_018503585.1	"ENSP05160037144.1,ENSP05160037143.1"	ENSG05160021720.1	"ENST05160082556.1,ENST05160082554.1"
ALGALDSCAPGLCPDWDSWDASKPVTNAR	FLNA	GCA_018471535.1	"ENSP05015007000.1,ENSP05015007002.1,ENSP05015007003.1,ENSP05015007004.1,ENSP05015007005.1,ENSP05015007001.1,ENSP05015006999.1"	ENSG05015005045.1	"ENST05015015919.1,ENST05015015921.1,ENST05015015922.1,ENST05015015918.1,ENST05015015917.1,ENST05015015923.1,ENST05015015920.1"
GFSQEELETCMINQAPGCPDYSILSFTGAFHGR	ABAT	GCA_018471105.1	"ENSP04995060955.1,ENSP04995060941.1,ENSP04995060952.1,ENSP04995060947.1,ENSP04995060953.1"	ENSG04995036198.1	"ENST04995137437.1,ENST04995137448.1,ENST04995137444.1,ENST04995137450.1,ENST04995137426.1"
GGLSSPIYIDLR	UMPS	GCA_018472865.1	"ENSP05105078952.1,ENSP05105078954.1,ENSP05105078958.1,ENSP05105078955.1,ENSP05105078957.1,ENSP05105078953.1,ENSP05105078956.1,ENSP05105078951.1"	ENSG05105045377.1	"ENST05105176546.1,ENST05105176547.1,ENST05105176549.1,ENST05105176548.1,ENST05105176551.1,ENST05105176545.1,ENST05105176550.1,ENST05105176544.1"
SFNGFSSAQKNQEQLLTLASILR	HEBP2	GCA_018471085.1	ENSP04985008999.1	ENSG04985005785.1	ENST04985019988.1
LGCQDAFPEVYNKICK	DHCR24	GCA_018473305.1	"ENSP05115068365.1,ENSP05115068363.1,ENSP05115068368.1"	ENSG05115040678.1	"ENST05115155023.1,ENST05115155029.1,ENST05115155025.1"
ALGHGVDLGHIYGDNMER	PTGS1	GCA_018472765.1	"ENSP05080024861.1,ENSP05080024855.1,ENSP05080024859.1,ENSP05080024860.1,ENSP05080024857.1,ENSP05080024856.1,ENSP05080024862.1"	ENSG05080015474.1	"ENST05080056180.1,ENST05080056178.1,ENST05080056184.1,ENST05080056182.1,ENST05080056175.1,ENST05080056181.1,ENST05080056176.1"
ITGSIANGTDGFVINLGQGTDKLNLHFNPR	LGALS2	GCA_018470445.1	ENSP04960024138.1	ENSG04960013494.1	ENST04960053325.1
VDDSSEDKTEFIVK	AARS1	GCA_018504635.1	"ENSP05205073100.1,ENSP05205073144.1,ENSP05205073120.1,ENSP05205073099.1,ENSP05205073149.1,ENSP05205073146.1,ENSP05205073121.1,ENSP05205073165.1,ENSP05205073148.1,ENSP05205073141.1,ENSP05205073107.1,ENSP05205073104.1,ENSP05205073139.1"	ENSG05205042157.1	"ENST05205163347.1,ENST05205163321.1,ENST05205163324.1,ENST05205163384.1,ENST05205163356.1,ENST05205163362.1,ENST05205163302.1,ENST05205163298.1,ENST05205163352.1,ENST05205163358.1,ENST05205163293.1,ENST05205163363.1,ENST05205163292.1"
VTITCRASHSISTYLNWYQQKPGK	IGKV1-39	GCA_018471105.1	ENSP04995104544.1	ENSG04995060970.1	ENST04995235160.1
ALEWLARIDWDDDKYSTSLK	IGHV2-70	GCA_018469675.1	ENSP04895010660.1	ENSG04895007495.1	ENST04895025033.1
LNVLESLIK	DST	GCA_018470435.1	"ENSP04955032749.1,ENSP04955032736.1,ENSP04955032742.1,ENSP04955032740.1,ENSP04955032741.1,ENSP04955032739.1"	ENSG04955020207.1	"ENST04955074963.1,ENST04955074943.1,ENST04955074985.1,ENST04955074950.1,ENST04955074957.1,ENST04955074955.1"
EAVSSSQGPSDPTDR	PMS2	GCA_018473305.1	"ENSP05115090224.1,ENSP05115090222.1,ENSP05115090220.1,ENSP05115090219.1,ENSP05115090218.1"	ENSG05115051913.1	"ENST05115202738.1,ENST05115202730.1,ENST05115202729.1,ENST05115202733.1,ENST05115202731.1"
DKEFHSNQELER	TRIP11	GCA_018469965.1	"ENSP04945075941.1,ENSP04945075938.1"	ENSG04945042871.1	"ENST04945168989.1,ENST04945168994.1"
FHDLRPDEVANLFQTTQR	FHIT	GCA_018469945.1	"ENSP04935081667.1,ENSP04935081672.1,ENSP04935081677.1,ENSP04935081674.1,ENSP04935081669.1"	ENSG04935046296.1	"ENST04935182203.1,ENST04935182191.1,ENST04935182195.1,ENST04935182197.1,ENST04935182188.1"
LLNKVELMLPEK	MPC2	GCA_018469685.1	"ENSP04900100989.1,ENSP04900100990.1,ENSP04900100988.1"	ENSG04900056804.1	"ENST04900224848.1,ENST04900224851.1,ENST04900224854.1"
SSPVFQIPKNDNIPEQDSLGLSNLQK		GCA_018469955.1	ENSP04940002418.1	ENSG04940001853.1	ENST04940005696.1
DSGRGDSVSNSGSDALRSGLTVPTSPK	PDCD4	GCA_018471515.1	"ENSP05005020312.1,ENSP05005020311.1,ENSP05005020313.1"	ENSG05005012576.1	"ENST05005045144.1,ENST05005045154.1,ENST05005045147.1"
WISAMEDQLQSDDPGKDLTSVNR	SPTB	GCA_018471525.1	"ENSP05010013005.1,ENSP05010013006.1,ENSP05010013008.1,ENSP05010013007.1"	ENSG05010008151.1	"ENST05010028794.1,ENST05010028790.1,ENST05010028789.1,ENST05010028791.1"
GPFKYAWVLDK	EEF1A2	GCA_018504625.1	ENSP05200001326.1	ENSG05200000966.1	ENST05200002657.1
MEMPSTPQQLQNLTEDTR	LAMB1	GCA_018471095.1	"ENSP04990062300.1,ENSP04990062311.1,ENSP04990062308.1,ENSP04990062303.1"	ENSG04990036660.1	"ENST04990139400.1,ENST04990139395.1,ENST04990139391.1,ENST04990139403.1"
LQNIQNTIEETGNLAEQAR	LAMC1	GCA_018471095.1	ENSP04990058929.1	ENSG04990034972.1	ENST04990132303.1
LHTGEKPYECQECGK	ZNF154	GCA_018504365.1	"ENSP05190009437.1,ENSP05190009439.1,ENSP05190009438.1"	ENSG05190006321.1	"ENST05190021679.1,ENST05190021678.1,ENST05190021677.1"
HIDCAAIYGSEPEIGEALK	AKR1A1	GCA_018472765.1	"ENSP05080071633.1,ENSP05080071636.1,ENSP05080071634.1,ENSP05080071638.1,ENSP05080071635.1,ENSP05080071637.1"	ENSG05080041463.1	"ENST05080159535.1,ENST05080159540.1,ENST05080159534.1,ENST05080159538.1,ENST05080159539.1,ENST05080159533.1"
VPEPDYTKVPEPGSIK	SPRR3	GCA_018469685.1	"ENSP04900080273.1,ENSP04900080274.1,ENSP04900080275.1"	ENSG04900045442.1	"ENST04900179039.1,ENST04900179040.1,ENST04900179038.1"
LSEIQETSEQAQSK	FKBP15	GCA_018505865.1	"ENSP05245042986.1,ENSP05245042984.1"	ENSG05245025100.1	"ENST05245095549.1,ENST05245095545.1"
TESSGIETESTVHHLPLSTEK	EPB41L3	GCA_018472725.1	"ENSP05075023161.1,ENSP05075023138.1,ENSP05075023144.1,ENSP05075023137.1,ENSP05075023141.1,ENSP05075023162.1,ENSP05075023140.1,ENSP05075023143.1"	ENSG05075014863.1	"ENST05075053492.1,ENST05075053464.1,ENST05075053466.1,ENST05075053458.1,ENST05075053467.1,ENST05075053463.1,ENST05075053493.1,ENST05075053461.1"
GMLQPGTALVLLEAQAATGFVIDPVR	EPPK1	GCA_018473295.1	"ENSP05110045362.1,ENSP05110045361.1"	ENSG05110027684.1	"ENST05110102764.1,ENST05110102765.1"
PQVQIHVQSQTQPVSLANTQPR	ZYX	GCA_018503285.1	"ENSP05145025049.1,ENSP05145025050.1,ENSP05145025052.1,ENSP05145025047.1"	ENSG05145015153.1	"ENST05145054865.1,ENST05145054860.1,ENST05145054867.1,ENST05145054870.1"
KNEINLESELKSEQVTE	MASP1	GCA_018469695.1	"ENSP04905051907.1,ENSP04905051905.1"	ENSG04905029568.1	"ENST04905116053.1,ENST04905116055.1"
FLEVQYLTGGLIEPDMPGR	PLEC	GCA_018472685.1	"ENSP05055040444.1,ENSP05055040445.1,ENSP05055040441.1,ENSP05055040450.1,ENSP05055040442.1,ENSP05055040449.1,ENSP05055040448.1,ENSP05055040447.1,ENSP05055040446.1,ENSP05055040443.1"	ENSG05055024460.1	"ENST05055090409.1,ENST05055090387.1,ENST05055090385.1,ENST05055090392.1,ENST05055090400.1,ENST05055090403.1,ENST05055090406.1,ENST05055090382.1,ENST05055090396.1,ENST05055090389.1"
YLPHHSAHSSQLDADSWIENDSLSVDKHGDNQPDSSSLK	TRAPPC10	GCA_018469925.1	"ENSP04925001147.1,ENSP04925015639.1"	"ENSG04925001279.1,ENSG04925010197.1"	"ENST04925003491.1,ENST04925035342.1"
HQAQGDMATMLQLVLLLK	CYP11A1	GCA_018469875.1	"ENSP04920039166.1,ENSP04920039167.1,ENSP04920039164.1,ENSP04920039165.1"	ENSG04920023411.1	"ENST04920087555.1,ENST04920087551.1,ENST04920087557.1,ENST04920087548.1"
VLSQPMPPTAGEAEQAANQQER	HSPBP1	GCA_018469415.1	"ENSP04880059078.1,ENSP04880059077.1,ENSP04880059080.1,ENSP04880059076.1,ENSP04880059082.1,ENSP04880059075.1,ENSP04880059081.1"	ENSG04880032810.1	"ENST04880132250.1,ENST04880132249.1,ENST04880132252.1,ENST04880132254.1,ENST04880132255.1,ENST04880132256.1,ENST04880132251.1"
EELLAESGSGTLDLPALTR	EPPK1	GCA_018466845.1	"ENSP04840066407.1,ENSP04840066406.1"	ENSG04840037587.1	"ENST04840148537.1,ENST04840148536.1"
VEQIAAIAQELNELDYHNAVNVNDR	ACTN2	GCA_018504055.1	"ENSP05170069167.1,ENSP05170069149.1,ENSP05170069140.1,ENSP05170069139.1,ENSP05170069178.1"	ENSG05170040033.1	"ENST05170154504.1,ENST05170154562.1,ENST05170154487.1,ENST05170154482.1,ENST05170154535.1"
VAALNIQVGNLCEFLPQDKVGEFAK	SMC5	GCA_018469415.1	ENSP04880050180.1	ENSG04880027394.1	ENST04880111654.1
MDATANNVPSDRYK	PDIA4	GCA_018470425.1	"ENSP04950100779.1,ENSP04950100778.1"	ENSG04950056864.1	"ENST04950226012.1,ENST04950226013.1"
MDATANNVPSDRYKVEGFPTIYFAPSGDK	PDIA4	GCA_018470425.1	"ENSP04950100779.1,ENSP04950100778.1"	ENSG04950056864.1	"ENST04950226012.1,ENST04950226013.1"
ASQNIGSSLHWYQQKPDQSPK	IGKV6D-21	GCA_018472685.1	ENSP05055104620.1	ENSG05055060965.1	ENST05055235275.1
EWFWDLATATMK	HPX	GCA_018469935.1	"ENSP04930010888.1,ENSP04930010893.1"	ENSG04930006999.1	"ENST04930024480.1,ENST04930024492.1"
PGIPGSTASLLEPTSGALGLFQGSPAR	WDR62	GCA_018471095.1	"ENSP04990016882.1,ENSP04990016890.1,ENSP04990016881.1,ENSP04990016880.1,ENSP04990016898.1,ENSP04990016878.1,ENSP04990016879.1,ENSP04990016885.1"	ENSG04990010751.1	"ENST04990038580.1,ENST04990038591.1,ENST04990038566.1,ENST04990038574.1,ENST04990038569.1,ENST04990038567.1,ENST04990038568.1,ENST04990038570.1"
EIYLEVIHNIPDFELLSANTLEDR	DNAJC10	GCA_018472595.1	"ENSP05045084163.1,ENSP05045084155.1,ENSP05045084152.1,ENSP05045084156.1"	ENSG05045048205.1	"ENST05045188335.1,ENST05045188336.1,ENST05045188345.1,ENST05045188332.1"
YSAQADITDDSLDR	MAP1A	GCA_018472765.1	"ENSP05080061599.1,ENSP05080061598.1"	ENSG05080035886.1	"ENST05080137129.1,ENST05080137130.1"
ITGSIANGTDGFVINLGQGTDK	LGALS2	GCA_018470445.1	ENSP04960024138.1	ENSG04960013494.1	ENST04960053325.1
TLSTDSIQYHLQMQDK	FNDC3A	GCA_018473295.1	"ENSP05110002872.1,ENSP05110002868.1,ENSP05110002871.1,ENSP05110002873.1"	ENSG05110002547.1	"ENST05110007033.1,ENST05110007034.1,ENST05110007029.1,ENST05110007032.1"
ALCCAGCLSENLR	TRAF1	GCA_018471085.1	"ENSP04985031128.1,ENSP04985031127.1"	ENSG04985019333.1	"ENST04985069843.1,ENST04985069842.1"
LDTFLLDNFVPLMSRPDFLSYLSFEKLMSYLDNDYLSR	KLHL15	GCA_018467165.1	ENSP04870033528.1	ENSG04870019388.1	ENST04870075185.1
GKDLSMIVLLPNEINGLQK	SERPINB3	GCA_018852595.1	ENSP05305008930.1	ENSG05305006283.1	ENST05305020725.1
DKTVVLGDLLIDNKDTVR	NT5C	GCA_018469925.1	"ENSP04925049171.1,ENSP04925049165.1,ENSP04925049166.1"	ENSG04925028990.1	"ENST04925109380.1,ENST04925109381.1,ENST04925109389.1"
LLHGMKDDVVPWHTSMQVADR	ABHD10	GCA_018469705.1	ENSP04910055294.1	ENSG04910031795.1	ENST04910123046.1
GRMEAIPCVVGDEEVWTSDVQYQMSPFNHGHK	ALDH4A1	GCA_018506125.1	"ENSP05250103504.1,ENSP05250103500.1,ENSP05250103501.1"	ENSG05250058259.1	"ENST05250230631.1,ENST05250230636.1,ENST05250230632.1"
AVTELGRPDEEYWNSQKDFLEDR	HLA-DRB1	GCA_018472605.1	ENSP05050012547.1	ENSG05050008042.1	ENST05050027872.1
SSESDHFSCVQLR	CLMN	GCA_018469405.1	ENSP04875099601.1	ENSG04875056275.1	ENST04875222431.1
LQQALLPVVDYEHCSR	CELA3B	GCA_018470465.1	"ENSP04970016062.1,ENSP04970016063.1"	ENSG04970009219.1	"ENST04970035527.1,ENST04970035525.1"
EKSNDILEEGEK	TRMT1L	GCA_018504375.1	ENSP05195055164.1	ENSG05195031927.1	ENST05195122811.1
LAKDVASLSSQIQDTQELLQEETR	MYH11	GCA_018505855.1	"ENSP05240064509.1,ENSP05240064507.1,ENSP05240064508.1,ENSP05240064511.1"	ENSG05240037090.1	"ENST05240144523.1,ENST05240144519.1,ENST05240144520.1,ENST05240144518.1"
AENNLLALGLK	YY1AP1	GCA_018472725.1	"ENSP05075094270.1,ENSP05075094263.1,ENSP05075094257.1,ENSP05075094266.1,ENSP05075094271.1,ENSP05075094262.1,ENSP05075094261.1"	ENSG05075053376.1	"ENST05075209924.1,ENST05075209914.1,ENST05075209919.1,ENST05075209921.1,ENST05075209929.1,ENST05075209920.1,ENST05075209928.1"
ENAEQGEVNMESHR	CD99	GCA_018473295.1	"ENSP05110009478.1,ENSP05110009476.1"	ENSG05110006720.1	"ENST05110021804.1,ENST05110021808.1"
DYLMSTHFWGPVANWGIPIAAINDMK	MPC1	GCA_018506975.1	ENSP05280003740.1	ENSG05280002710.1	ENST05280008614.1
ELTVSNNDINEAGVHVLCQGLK	RNH1	GCA_018505835.1	"ENSP05230016954.1,ENSP05230016960.1,ENSP05230016982.1,ENSP05230016978.1,ENSP05230016974.1,ENSP05230016989.1,ENSP05230016958.1,ENSP05230016956.1,ENSP05230016951.1"	ENSG05230011381.1	"ENST05230039942.1,ENST05230039893.1,ENST05230039880.1,ENST05230039932.1,ENST05230039887.1,ENST05230039899.1,ENST05230039936.1,ENST05230039872.1,ENST05230039962.1"
DKTPAPLQHLNTLLDGTYK	BBS9	GCA_018472605.1	"ENSP05050051599.1,ENSP05050051601.1,ENSP05050051597.1,ENSP05050051606.1,ENSP05050051605.1,ENSP05050051598.1,ENSP05050051604.1,ENSP05050051595.1,ENSP05050051602.1,ENSP05050051590.1,ENSP05050051596.1,ENSP05050051593.1,ENSP05050051594.1"	ENSG05050030674.1	"ENST05050116202.1,ENST05050116201.1,ENST05050116198.1,ENST05050116197.1,ENST05050116205.1,ENST05050116188.1,ENST05050116189.1,ENST05050116193.1,ENST05050116192.1,ENST05050116190.1,ENST05050116184.1,ENST05050116195.1,ENST05050116191.1"
HLGGIPWTYAEDAVPTLTPCHFTGSEIR	UQCRC1	GCA_018469665.1	ENSP04890036722.1	ENSG04890021001.1	ENST04890079618.1
LNSVTAADTALYYCAR	IGHV4-39	GCA_018505825.1	ENSP05225104397.1	ENSG05225061086.1	ENST05225235108.1
LEQQVDDLEGSLEQQK	MYH6	GCA_018472705.1	ENSP05065016376.1	ENSG05065011105.1	ENST05065037975.1
VELQDWAGNEAYAEYHFR	FGA	GCA_018467015.1	ENSP04860074272.1	ENSG04860042538.1	ENST04860166495.1
RANGEAPSALPYCYFLQK	EEF1D	GCA_018471075.1	"ENSP04980059372.1,ENSP04980059397.1,ENSP04980059375.1,ENSP04980059391.1,ENSP04980059370.1"	ENSG04980034743.1	"ENST04980133568.1,ENST04980133566.1,ENST04980133571.1,ENST04980133588.1,ENST04980133597.1"
TGEVVLTQSPGTLSLSPGER		GCA_018504055.1	ENSP05170104419.1	ENSG05170059401.1	ENST05170233533.1
FFDMELENLER	STK10	GCA_018505865.1	ENSP05245061830.1	ENSG05245036179.1	ENST05245137842.1
ASQSISGYLNWYQQRPGK	IGKV1D-39	GCA_018467015.1	ENSP04860104253.1	ENSG04860059461.1	ENST04860233502.1
VLGTSVESIMASEDR	CPS1	GCA_018503575.1	"ENSP05155033429.1,ENSP05155033425.1,ENSP05155033433.1,ENSP05155033424.1,ENSP05155033432.1,ENSP05155033422.1,ENSP05155033423.1"	ENSG05155020278.1	"ENST05155074405.1,ENST05155074430.1,ENST05155074401.1,ENST05155074435.1,ENST05155074412.1,ENST05155074400.1,ENST05155074399.1"
YGWSANESGQIFICSQEESIKPK	EIF3K	GCA_018469945.1	"ENSP04935011809.1,ENSP04935011795.1,ENSP04935011785.1,ENSP04935011801.1,ENSP04935011789.1,ENSP04935011804.1,ENSP04935011814.1"	ENSG04935007553.1	"ENST04935026427.1,ENST04935026412.1,ENST04935026448.1,ENST04935026431.1,ENST04935026442.1,ENST04935026421.1,ENST04935026408.1"
GGEKEEGNDGQDLR	AKAP13	GCA_018505865.1	"ENSP05245056020.1,ENSP05245056043.1,ENSP05245056031.1,ENSP05245056021.1"	ENSG05245032322.1	"ENST05245124012.1,ENST05245124034.1,ENST05245123997.1,ENST05245123991.1"
SEDCAADLQLR	ITGA9	GCA_018471095.1	ENSP04990079111.1	ENSG04990046249.1	ENST04990178111.1
ADDKVYPGKQYTYMLLATEEQSPGEGDGNCVTR	CP	GCA_018469875.1	"ENSP04920059126.1,ENSP04920059122.1"	ENSG04920034648.1	"ENST04920132639.1,ENST04920132634.1"
VTTPDMSTTQHNK	PRG4	GCA_018504655.1	"ENSP05215035803.1,ENSP05215035799.1,ENSP05215035806.1,ENSP05215035800.1,ENSP05215035805.1,ENSP05215035802.1"	ENSG05215021830.1	"ENST05215080694.1,ENST05215080699.1,ENST05215080697.1,ENST05215080703.1,ENST05215080702.1,ENST05215080695.1"
KHEAFESDLAAHQDRVEQIAAIAQELNELDYHNAVNVNDR	ACTN2	GCA_018504055.1	"ENSP05170069167.1,ENSP05170069149.1,ENSP05170069140.1,ENSP05170069139.1,ENSP05170069178.1"	ENSG05170040033.1	"ENST05170154504.1,ENST05170154562.1,ENST05170154487.1,ENST05170154482.1,ENST05170154535.1"
SSVSEQFDHLSSHLYLR	SPG11	GCA_018472765.1	"ENSP05080081573.1,ENSP05080081568.1,ENSP05080081576.1,ENSP05080081565.1,ENSP05080081580.1,ENSP05080081558.1,ENSP05080081562.1,ENSP05080081575.1,ENSP05080081561.1,ENSP05080081577.1,ENSP05080081560.1,ENSP05080081574.1,ENSP05080081566.1,ENSP05080081567.1,ENSP05080081564.1,ENSP05080081572.1,ENSP05080081571.1,ENSP05080081563.1,ENSP05080081569.1,ENSP05080081559.1,ENSP05080081578.1,ENSP05080081579.1"	ENSG05080046837.1	"ENST05080181771.1,ENST05080181775.1,ENST05080181791.1,ENST05080181777.1,ENST05080181773.1,ENST05080181780.1,ENST05080181811.1,ENST05080181772.1,ENST05080181801.1,ENST05080181803.1,ENST05080181796.1,ENST05080181776.1,ENST05080181782.1,ENST05080181778.1,ENST05080181779.1,ENST05080181781.1,ENST05080181783.1,ENST05080181807.1,ENST05080181793.1,ENST05080181797.1,ENST05080181804.1,ENST05080181785.1"
ADIEMPFDPSKVVASGPGLQHGK	FLNB	GCA_018504055.1	"ENSP05170092811.1,ENSP05170092817.1,ENSP05170092818.1,ENSP05170092819.1,ENSP05170092810.1,ENSP05170092816.1,ENSP05170092812.1"	ENSG05170052473.1	"ENST05170206945.1,ENST05170206956.1,ENST05170206955.1,ENST05170206957.1,ENST05170206946.1,ENST05170206947.1,ENST05170206954.1"
ECINHGDLNNHNILIESSK	HYKK	GCA_018469925.1	"ENSP04925057745.1,ENSP04925057747.1"	ENSG04925033569.1	"ENST04925128040.1,ENST04925128038.1"
RIGQPTLLLYVDAGPQTMTQR	AK1	GCA_018471095.1	"ENSP04990036364.1,ENSP04990036362.1,ENSP04990036365.1"	ENSG04990022249.1	"ENST04990081982.1,ENST04990081979.1,ENST04990081983.1"
IHTGKKPYQCNECGK	ZFP62	GCA_018852585.1	"ENSP05300091266.1,ENSP05300091265.1"	ENSG05300051553.1	"ENST05300203489.1,ENST05300203487.1"
LATEDDLVEMQGYK	MFN1	GCA_018473315.1	"ENSP05120082719.1,ENSP05120082720.1,ENSP05120082718.1,ENSP05120082717.1"	ENSG05120047514.1	"ENST05120185036.1,ENST05120185035.1,ENST05120185037.1,ENST05120185034.1"
NPILWNVADLVIKFPEEEAPSTVLSQNLFTPK	RPN2	GCA_018472835.1	"ENSP05090005428.1,ENSP05090005429.1,ENSP05090005424.1,ENSP05090005427.1"	ENSG05090004282.1	"ENST05090013740.1,ENST05090013745.1,ENST05090013744.1,ENST05090013743.1"
YVSLIYTNYEVGKDDYVK	GSTP1	GCA_018472715.1	ENSP05070058155.1	ENSG05070034305.1	ENST05070129309.1
EGQNVNMENLYTALQSIDRGEIVNMLEGSGR	ANK1	GCA_018469695.1	"ENSP04905070288.1,ENSP04905070281.1,ENSP04905070291.1,ENSP04905070287.1,ENSP04905070282.1,ENSP04905070283.1"	ENSG04905038951.1	"ENST04905155753.1,ENST04905155759.1,ENST04905155749.1,ENST04905155747.1,ENST04905155754.1,ENST04905155748.1"
FFDNDLLVSTSR	PDE6D	GCA_018503255.1	ENSP05130054819.1	ENSG05130030730.1	ENST05130119749.1
RLSGLIYEETR	H4C6	GCA_018473295.1	ENSP05110040215.1	ENSG05110024773.1	ENST05110091091.1
CASIPDIMQQLQFIGVK	MOXD1	GCA_018505825.1	"ENSP05225058507.1,ENSP05225058508.1"	ENSG05225034633.1	"ENST05225132007.1,ENST05225132008.1"
LLIYAASNLQSGVPSR	IGKV1-39	GCA_018471105.1	ENSP04995104544.1	ENSG04995060970.1	ENST04995235160.1
TTDLSIPLPSADLVVQAGQVDMK	AHNAK2	GCA_018472565.1	ENSP05030009484.1	ENSG05030006174.1	ENST05030021178.1
EKSNDILEEGEKNLGNIK	TRMT1L	GCA_018504375.1	ENSP05195055164.1	ENSG05195031927.1	ENST05195122811.1
DVASLSSQIQDTQELLQEETRQKLNVSTK	MYH11	GCA_018505855.1	"ENSP05240064509.1,ENSP05240064507.1,ENSP05240064508.1,ENSP05240064511.1"	ENSG05240037090.1	"ENST05240144523.1,ENST05240144519.1,ENST05240144520.1,ENST05240144518.1"
RPGSSVSQDSDSEGHSEDSER	FLG	GCA_018472595.1	ENSP05045041493.1	ENSG05045024587.1	ENST05045092862.1
LAAMVDITTEELKQQFNQEIK	IRAK4	GCA_018504665.1	"ENSP05220028432.1,ENSP05220028420.1,ENSP05220028434.1,ENSP05220028439.1"	ENSG05220016412.1	"ENST05220063696.1,ENST05220063740.1,ENST05220063703.1,ENST05220063675.1"
FRCPEALFQPCFLGMESCGIQETTFNSIMK	POTEE	GCA_018504045.1	"ENSP05165001785.1,ENSP05165001791.1"	ENSG05165001329.1	"ENST05165004062.1,ENST05165004045.1"
VVEKDNDVLLHWAPVEEAGDSTQIIFSK	TBC1D17	GCA_018467005.1	"ENSP04855006231.1,ENSP04855006235.1,ENSP04855006228.1"	ENSG04855004043.1	"ENST04855013700.1,ENST04855013703.1,ENST04855013708.1"
RATVEQEMELR	ATAD3A	GCA_018471105.1	"ENSP04995088389.1,ENSP04995088386.1,ENSP04995088387.1"	ENSG04995050326.1	"ENST04995197459.1,ENST04995197457.1,ENST04995197461.1"
IDWGDDQFYSTSLK	IGHV2-70D	GCA_018506125.1	ENSP05250013561.1	ENSG05250008973.1	ENST05250030602.1
LAFEEFQLER	CSMD1	GCA_018504055.1	"ENSP05170045484.1,ENSP05170045483.1,ENSP05170045481.1,ENSP05170045486.1,ENSP05170045482.1,ENSP05170045485.1"	ENSG05170025960.1	"ENST05170099001.1,ENST05170099015.1,ENST05170099002.1,ENST05170099000.1,ENST05170099003.1,ENST05170098999.1"
EVSQPDWMPPPEVTLVLTK	PDIA4	GCA_018469415.1	"ENSP04880091469.1,ENSP04880091468.1"	ENSG04880051579.1	"ENST04880204089.1,ENST04880204090.1"
APRPQSEESLDEEDKR	CHGB	GCA_018504655.1	ENSP05215035611.1	ENSG05215021705.1	ENST05215080183.1
TEYLCENALEGK	VEZT	GCA_018471105.1	"ENSP04995042002.1,ENSP04995041983.1"	ENSG04995025655.1	"ENST04995094795.1,ENST04995094828.1"
EEGEAPSPAPASEGR	TOPORS	GCA_018471065.1	ENSP04975036263.1	ENSG04975022423.1	ENST04975081933.1
LTIVDTVGFGDQLNK	SEPTIN11	GCA_018467155.1	"ENSP04865020164.1,ENSP04865020163.1,ENSP04865020156.1,ENSP04865020161.1,ENSP04865020157.1,ENSP04865020159.1,ENSP04865020158.1"	ENSG04865012865.1	"ENST04865044893.1,ENST04865044890.1,ENST04865044895.1,ENST04865044897.1,ENST04865044888.1,ENST04865044887.1,ENST04865044889.1"
SALGNLAGDNSLGLEPLR	RNF130	GCA_018504045.1	"ENSP05165090022.1,ENSP05165090023.1,ENSP05165090024.1"	ENSG05165050655.1	"ENST05165202399.1,ENST05165202398.1,ENST05165202400.1"
AAGSDVNIDMAFILDSAETTTLFQFNEMKK	COL6A3	GCA_018503585.1	"ENSP05160036599.1,ENSP05160036602.1,ENSP05160036604.1,ENSP05160036603.1"	ENSG05160021445.1	"ENST05160081389.1,ENST05160081395.1,ENST05160081394.1,ENST05160081392.1"
LIQEQEQQLVGALAADLHK	ALDH3A1	GCA_018504625.1	"ENSP05200003298.1,ENSP05200003302.1,ENSP05200003308.1,ENSP05200003299.1,ENSP05200003307.1,ENSP05200003301.1,ENSP05200003304.1,ENSP05200003303.1,ENSP05200003306.1"	ENSG05200002566.1	"ENST05200007537.1,ENST05200007543.1,ENST05200007534.1,ENST05200007545.1,ENST05200007531.1,ENST05200007535.1,ENST05200007530.1,ENST05200007536.1,ENST05200007544.1"
RSTSDCGGPKDHPLTCDHPQLSGLFL	LHB	GCA_018473315.1	ENSP05120005754.1	ENSG05120004089.1	ENST05120013511.1
CPEALFQPCFLGMESCGIQETTFNSIMK	POTEE	GCA_018504045.1	"ENSP05165001785.1,ENSP05165001791.1"	ENSG05165001329.1	"ENST05165004062.1,ENST05165004045.1"
RAPVCGDDGVTYENDCVMGR	AGRN	GCA_018504065.1	"ENSP05175026615.1,ENSP05175026611.1,ENSP05175026618.1,ENSP05175026609.1"	ENSG05175016027.1	"ENST05175058639.1,ENST05175058643.1,ENST05175058635.1,ENST05175058632.1"
ASQSISTWLAWYQQKPGK		GCA_018503285.1	ENSP05145104654.1	ENSG05145061456.1	ENST05145235994.1
LLDDAMSADKSDEWFAK	GLOD4	GCA_018471075.1	"ENSP04980036882.1,ENSP04980036879.1,ENSP04980036885.1,ENSP04980036881.1"	ENSG04980022438.1	"ENST04980084243.1,ENST04980084241.1,ENST04980084251.1,ENST04980084247.1"
NQVVLTMTNMNPVDTATYYCAR		GCA_018469865.1	ENSP04915104242.1	ENSG04915058805.1	ENST04915232642.1
RLEELDLGNNEICNLPESIGALLHLK	LRRC1	GCA_018472605.1	ENSP05050011520.1	ENSG05050007553.1	ENST05050025697.1
GGPVQVLEDK	SELENBP1	GCA_018506125.1	"ENSP05250087051.1,ENSP05250087050.1,ENSP05250087052.1"	ENSG05250049403.1	"ENST05250193108.1,ENST05250193107.1,ENST05250193105.1"
VLLNDGGYYDPK	EMILIN1	GCA_018469665.1	"ENSP04890037139.1,ENSP04890037140.1"	ENSG04890021187.1	"ENST04890080414.1,ENST04890080412.1"
TMDFPTPAAAFCSPLAR	NFU1	GCA_018471345.1	"ENSP05000093059.1,ENSP05000093061.1"	ENSG05000052869.1	"ENST05000208756.1,ENST05000208754.1"
GHAEQGDPGAPEQTGPQR	AFDN	GCA_018504365.1	ENSP05190012762.1	ENSG05190008067.1	ENST05190028286.1
VKGDVDVSLPKVEGDVK	AHNAK	GCA_018506945.1	ENSP05265015236.1	ENSG05265009722.1	ENST05265034533.1
LAQGHTTVDELAWR	PLEC	GCA_018469935.1	"ENSP04930034267.1,ENSP04930034263.1,ENSP04930034259.1,ENSP04930034261.1,ENSP04930034266.1,ENSP04930034265.1,ENSP04930034260.1,ENSP04930034258.1,ENSP04930034264.1,ENSP04930034262.1"	ENSG04930018442.1	"ENST04930075097.1,ENST04930075090.1,ENST04930075098.1,ENST04930075095.1,ENST04930075089.1,ENST04930075093.1,ENST04930075092.1,ENST04930075091.1,ENST04930075096.1,ENST04930075094.1"
VAQIQTDYDALKR	CEP135	GCA_018504375.1	ENSP05195096651.1	ENSG05195054529.1	ENST05195215839.1
ALRPDMGYNTLANFGIEK	NEK7	GCA_018469675.1	"ENSP04895065728.1,ENSP04895065724.1,ENSP04895065721.1,ENSP04895065716.1,ENSP04895065719.1"	ENSG04895038100.1	"ENST04895147707.1,ENST04895147710.1,ENST04895147718.1,ENST04895147702.1,ENST04895147713.1"
ANNSMEQGENLQK	FGD5	GCA_018472825.1	"ENSP05085095387.1,ENSP05085095389.1"	ENSG05085053910.1	"ENST05085212462.1,ENST05085212457.1"
VDVEYPDVNIEGPEGK	AHNAK	GCA_018504365.1	ENSP05190045315.1	ENSG05190027108.1	ENST05190101892.1
SKSTGDPWLDGSYLDGTGFAR	LAMA5	GCA_018506165.1	ENSP05260006346.1	ENSG05260004227.1	ENST05260014635.1
DKLDHCLQEASPCYK	GHDC	GCA_018471075.1	"ENSP04980029094.1,ENSP04980029095.1"	ENSG04980018726.1	"ENST04980067823.1,ENST04980067824.1"
GYDQFAYDGKDYIALNEDLR	HLA-C	GCA_018504665.1	"ENSP05220078553.1,ENSP05220078555.1,ENSP05220078552.1"	ENSG05220044700.1	"ENST05220176509.1,ENST05220176516.1,ENST05220176507.1"
LAAVAQGLQQTSIPK	RGPD2	GCA_018469695.1	ENSP04905081339.1	ENSG04905044584.1	ENST04905179804.1
ILVCLLQGSRDDVSSFVDPALALQDAQNLYAAGEK	ANXA8	GCA_018505845.1	"ENSP05235084595.1,ENSP05235084594.1,ENSP05235084591.1"	ENSG05235047794.1	"ENST05235187973.1,ENST05235187972.1,ENST05235187968.1"
QGISNWLGNMLQFLR	CYP8B1	GCA_018472865.1	"ENSP05105063723.1,ENSP05105063722.1"	ENSG05105037303.1	"ENST05105143030.1,ENST05105143031.1"
YKETLQLIDSTTSYGLTGAVFSQDKDVVQEATK	ALDH4A1	GCA_018471085.1	"ENSP04985094215.1,ENSP04985094212.1,ENSP04985094213.1,ENSP04985094211.1"	ENSG04985053330.1	"ENST04985209626.1,ENST04985209623.1,ENST04985209621.1,ENST04985209622.1"
VVEKDNDVLLHWAPVEEAGDSTQIIFSKK	TBC1D17	GCA_018467005.1	"ENSP04855006231.1,ENSP04855006235.1,ENSP04855006228.1"	ENSG04855004043.1	"ENST04855013700.1,ENST04855013703.1,ENST04855013708.1"
EPQVYTLPPSPEEMTK	IGHG4	GCA_018471075.1	"ENSP04980038707.1,ENSP04980038706.1"	ENSG04980023588.1	"ENST04980088685.1,ENST04980088686.1"
KLCFKENAEQGEVDVESHR	CD99	GCA_018469925.1	"ENSP04925049042.1,ENSP04925049040.1"	ENSG04925028928.1	"ENST04925109124.1,ENST04925109120.1"
ATQAALSLLEALDTILPPTRPTDKPLR	EEF1A2	GCA_018504625.1	ENSP05200001327.1	ENSG05200000966.1	ENST05200002658.1
VYGNKDADGFYR	RIMBP2	GCA_018504085.1	"ENSP05185030175.1,ENSP05185030178.1"	ENSG05185017986.1	"ENST05185067407.1,ENST05185067404.1"
GCIDMNECWASPGR	FBLN2	GCA_018504055.1	"ENSP05170080963.1,ENSP05170080964.1,ENSP05170080966.1"	ENSG05170045739.1	"ENST05170179053.1,ENST05170179052.1,ENST05170179055.1"
GGMGSGGLATGIAAGLAGMGGIQNEK	KRT18	GCA_018467015.1	"ENSP04860062597.1,ENSP04860062599.1,ENSP04860062596.1"	ENSG04860035821.1	"ENST04860139010.1,ENST04860139003.1,ENST04860139004.1"
TKLEDYANLK	SPTA1	GCA_018472845.1	ENSP05095094869.1	ENSG05095053356.1	ENST05095211351.1
YGCQYYSHAR	LILRB2	GCA_018505845.1	"ENSP05235008102.1,ENSP05235008101.1,ENSP05235008098.1,ENSP05235008097.1"	ENSG05235005234.1	"ENST05235017430.1,ENST05235017425.1,ENST05235017424.1,ENST05235017428.1"
ENEQGEVNMESHR	CD99	GCA_018473295.1	ENSP05110009480.1	ENSG05110006720.1	ENST05110021810.1
EGTPGSPSETPGPR	OGFR	GCA_018505845.1	"ENSP05235044399.1,ENSP05235044400.1"	ENSG05235025884.1	"ENST05235098489.1,ENST05235098488.1"
ILDVDNVDLAMGK	TIMM44	GCA_018471345.1	ENSP05000073225.1	ENSG05000042821.1	ENST05000164538.1
TLSTDSIQYHLQMQDKNGR	FNDC3A	GCA_018473295.1	"ENSP05110002872.1,ENSP05110002868.1,ENSP05110002871.1,ENSP05110002873.1"	ENSG05110002547.1	"ENST05110007033.1,ENST05110007034.1,ENST05110007029.1,ENST05110007032.1"
MDATANNVPSDR	PDIA4	GCA_018470425.1	"ENSP04950100779.1,ENSP04950100778.1"	ENSG04950056864.1	"ENST04950226012.1,ENST04950226013.1"
LGELTMTDATPDSLSLSWMVPEGQFDHFLVQYR	TNXB	GCA_018472585.1	"ENSP05040017796.1,ENSP05040017797.1,ENSP05040017798.1,ENSP05040017803.1"	ENSG05040011885.1	"ENST05040041831.1,ENST05040041832.1,ENST05040041833.1,ENST05040041841.1"
QPTGFSLNNPMYVR	PPP1R32	GCA_018503525.1	"ENSP05150063917.1,ENSP05150063914.1,ENSP05150063915.1,ENSP05150063918.1"	ENSG05150037221.1	"ENST05150142984.1,ENST05150142983.1,ENST05150142986.1,ENST05150142987.1"
IEEIMPNGDPLLAGHNTVDEVYVSR	STAT2	GCA_018471065.1	"ENSP04975062304.1,ENSP04975062302.1,ENSP04975062309.1"	ENSG04975037318.1	"ENST04975141019.1,ENST04975141007.1,ENST04975141005.1"
DVQEQIAVLMQSR	RABEP1	GCA_018472725.1	"ENSP05075052082.1,ENSP05075052081.1"	ENSG05075030963.1	"ENST05075117702.1,ENST05075117704.1"
VSIAELAQASNSLITWGR	DDRGK1	GCA_018471075.1	ENSP04980005403.1	ENSG04980004459.1	ENST04980013868.1
LSCAVSGFTFSSYAMHWVR		GCA_018469675.1	ENSP04895101014.1	ENSG04895058806.1	ENST04895228422.1
TSDMAPSKETEMALAKDMALATK	MAP4	GCA_018467015.1	"ENSP04860088186.1,ENSP04860088202.1,ENSP04860088187.1,ENSP04860088185.1,ENSP04860088193.1"	ENSG04860049893.1	"ENST04860197772.1,ENST04860197773.1,ENST04860197774.1,ENST04860197793.1,ENST04860197784.1"
NSSRHSASQEGQDTIR	FLG	GCA_018504375.1	ENSP05195101557.1	ENSG05195056935.1	ENST05195226415.1
GVAPPTLITNSTGTHLVLTVTNK	MRTFA	GCA_018467165.1	"ENSP04870025866.1,ENSP04870025863.1,ENSP04870025867.1,ENSP04870025865.1,ENSP04870025861.1,ENSP04870025862.1,ENSP04870025864.1,ENSP04870025860.1"	ENSG04870015356.1	"ENST04870057878.1,ENST04870057879.1,ENST04870057875.1,ENST04870057873.1,ENST04870057877.1,ENST04870057880.1,ENST04870057874.1,ENST04870057876.1"
NFLQTVSSEK	MRPL53	GCA_018471345.1	ENSP05000037414.1	ENSG05000024153.1	ENST05000086819.1
SEEEKDQQKQQMFENK	SLK	GCA_018472595.1	"ENSP05045013426.1,ENSP05045013425.1"	ENSG05045009282.1	"ENST05045031407.1,ENST05045031406.1"
MKLTENPEKQTLPGSK	NAPRT	GCA_018466845.1	"ENSP04840002711.1,ENSP04840002710.1,ENSP04840002712.1,ENSP04840002709.1,ENSP04840002713.1"	ENSG04840002055.1	"ENST04840006088.1,ENST04840006087.1,ENST04840006091.1,ENST04840006092.1,ENST04840006086.1"
LGAVYTEGGFVEGINK	CEL	GCA_018506945.1	ENSP05265043924.1	ENSG05265025527.1	ENST05265098714.1
ALAAAAADPEGPEAGCSLAWR	SLC27A3	GCA_018469865.1	"ENSP04915046529.1,ENSP04915046530.1"	ENSG04915026219.1	"ENST04915101546.1,ENST04915101543.1"
VGLVASQKNNLDAVALMHPDGSAVVVVLNR	GBA	GCA_018467165.1	"ENSP04870103408.1,ENSP04870103409.1,ENSP04870103411.1,ENSP04870103410.1"	ENSG04870058455.1	"ENST04870230890.1,ENST04870230887.1,ENST04870230886.1,ENST04870230889.1"
VPETVSAATQTVK	TP53BP1	GCA_018471525.1	"ENSP05010094335.1,ENSP05010094334.1,ENSP05010094338.1,ENSP05010094337.1"	ENSG05010053514.1	"ENST05010210295.1,ENST05010210298.1,ENST05010210299.1,ENST05010210294.1"
NPWSMDENLMHISYETGILENPK	ASS1	GCA_018471535.1	"ENSP05015059121.1,ENSP05015059119.1,ENSP05015059120.1"	ENSG05015034687.1	"ENST05015132356.1,ENST05015132355.1,ENST05015132357.1"
ADLDVSGPKVDVDIPDVNIEGPDAK	AHNAK	GCA_018506165.1	ENSP05260041649.1	ENSG05260024343.1	ENST05260093246.1
MYSHPLHNDPDLETVYTLCEK	MTREX	GCA_018503255.1	ENSP05130079748.1	ENSG05130045868.1	ENST05130178120.1
LHTLQEVNNNVR	GGA3	GCA_018472605.1	"ENSP05050077189.1,ENSP05050077188.1,ENSP05050077186.1,ENSP05050077184.1,ENSP05050077190.1,ENSP05050077194.1,ENSP05050077196.1"	ENSG05050044818.1	"ENST05050173008.1,ENST05050173015.1,ENST05050173016.1,ENST05050173026.1,ENST05050173010.1,ENST05050173014.1,ENST05050173020.1"
SRPSFHPVSDELVNCVNKR	CTSB	GCA_018506945.1	"ENSP05265016869.1,ENSP05265016837.1,ENSP05265016835.1,ENSP05265016811.1,ENSP05265016820.1,ENSP05265016814.1,ENSP05265016873.1,ENSP05265016823.1,ENSP05265016831.1,ENSP05265016867.1,ENSP05265016862.1,ENSP05265016852.1,ENSP05265016865.1,ENSP05265016829.1,ENSP05265016858.1,ENSP05265016836.1,ENSP05265016818.1,ENSP05265016815.1,ENSP05265016838.1,ENSP05265016881.1,ENSP05265016860.1,ENSP05265016872.1,ENSP05265016845.1,ENSP05265016828.1,ENSP05265016874.1,ENSP05265016816.1,ENSP05265016859.1,ENSP05265016863.1,ENSP05265016824.1,ENSP05265016830.1,ENSP05265016879.1,ENSP05265016871.1,ENSP05265016870.1,ENSP05265016868.1,ENSP05265016826.1,ENSP05265016833.1,ENSP05265016839.1,ENSP05265016832.1,ENSP05265016813.1,ENSP05265016882.1,ENSP05265016877.1,ENSP05265016822.1,ENSP05265016875.1,ENSP05265016812.1,ENSP05265016841.1,ENSP05265016854.1,ENSP05265016817.1,ENSP05265016810.1,ENSP05265016819.1,ENSP05265016876.1,ENSP05265016861.1,ENSP05265016848.1,ENSP05265016850.1,ENSP05265016846.1,ENSP05265016843.1,ENSP05265016856.1"	ENSG05265010838.1	"ENST05265038854.1,ENST05265038874.1,ENST05265038856.1,ENST05265038891.1,ENST05265038897.1,ENST05265038863.1,ENST05265038933.1,ENST05265038917.1,ENST05265038920.1,ENST05265038888.1,ENST05265038925.1,ENST05265038918.1,ENST05265038876.1,ENST05265038923.1,ENST05265038915.1,ENST05265038910.1,ENST05265038860.1,ENST05265038862.1,ENST05265038872.1,ENST05265038901.1,ENST05265038928.1,ENST05265038890.1,ENST05265038935.1,ENST05265038885.1,ENST05265038893.1,ENST05265038895.1,ENST05265038930.1,ENST05265038883.1,ENST05265038926.1,ENST05265038939.1,ENST05265038877.1,ENST05265038882.1,ENST05265038861.1,ENST05265038881.1,ENST05265038868.1,ENST05265038899.1,ENST05265038875.1,ENST05265038867.1,ENST05265038849.1,ENST05265038929.1,ENST05265038866.1,ENST05265038879.1,ENST05265038852.1,ENST05265038864.1,ENST05265038880.1,ENST05265038913.1,ENST05265038908.1,ENST05265038873.1,ENST05265038906.1,ENST05265038932.1,ENST05265038904.1,ENST05265038870.1,ENST05265038858.1,ENST05265038937.1,ENST05265038903.1,ENST05265038859.1"
DPSFFSNPQDFNPQHFLDEK	CYP2A6	GCA_018467005.1	ENSP04855014963.1	ENSG04855009454.1	ENST04855033384.1
EQLGEFYEALNCLCIPR	ORM2	GCA_018505825.1	ENSP05225032807.1	ENSG05225019923.1	ENST05225073209.1
LQNAFWEHGANR	PPP1R13L	GCA_018471525.1	"ENSP05010033480.1,ENSP05010033481.1"	ENSG05010021126.1	"ENST05010076173.1,ENST05010076174.1"
EAEGAPQMEAGKR	CALD1	GCA_018469685.1	"ENSP04900044359.1,ENSP04900044350.1,ENSP04900044351.1,ENSP04900044361.1,ENSP04900044354.1,ENSP04900044356.1,ENSP04900044362.1,ENSP04900044352.1,ENSP04900044360.1"	ENSG04900025557.1	"ENST04900100275.1,ENST04900100279.1,ENST04900100274.1,ENST04900100276.1,ENST04900100290.1,ENST04900100288.1,ENST04900100291.1,ENST04900100289.1,ENST04900100283.1"
DKQVNSQLYSK	ATP9B	GCA_018506165.1	"ENSP05260004735.1,ENSP05260004734.1,ENSP05260004768.1,ENSP05260004732.1,ENSP05260004738.1"	ENSG05260003113.1	"ENST05260010580.1,ENST05260010521.1,ENST05260010514.1,ENST05260010509.1,ENST05260010516.1"
ELAGGNFTSPDASASSCGK	PPP1R9A	GCA_018504045.1	"ENSP05165064492.1,ENSP05165064498.1,ENSP05165064506.1,ENSP05165064503.1,ENSP05165064495.1,ENSP05165064501.1"	ENSG05165036500.1	"ENST05165143712.1,ENST05165143722.1,ENST05165143728.1,ENST05165143733.1,ENST05165143716.1,ENST05165143725.1"
LLHLLVDDMPVKPYSDGEGGIEDENR	NUP205	GCA_018506945.1	ENSP05265027768.1	ENSG05265016739.1	ENST05265062397.1
